시작 KST,끝 KST,도구 응답까지 초,분류,오류 감지,작업 목적
2026-09-19T12:22:57.272+09:00,2026-09-19T12:22:57.366+09:00,0.094,분석·편집·기록,False,분석·편집·기록
2026-09-19T12:23:00.440+09:00,2026-09-19T12:23:00.537+09:00,0.097,분석·편집·기록,False,분석·편집·기록
2026-09-19T12:23:04.075+09:00,2026-09-19T12:23:04.166+09:00,0.091,분석·편집·기록,False,분석·편집·기록
2026-09-19T12:23:07.719+09:00,2026-09-19T12:23:07.838+09:00,0.119,분석·편집·기록,False,분석·편집·기록
2026-09-19T12:23:13.759+09:00,2026-09-19T12:23:17.408+09:00,3.649,화면 조회·조작,False,사용자가 영상 편집 시작을 승인했으므로 현재 CapCut 창과 원본 타임라인을 읽어 확인해.
2026-09-19T12:23:24.762+09:00,2026-09-19T12:23:38.756+09:00,13.994,화면 조회·조작,False,편집 시작 요청에 따라 CapCut 가져오기 버튼과 현재 타임라인 상태를 조회해.
2026-09-19T12:23:41.746+09:00,2026-09-19T12:23:46.756+09:00,5.01,실행 대기,False,write_stdin
2026-09-19T12:23:50.259+09:00,2026-09-19T12:23:54.379+09:00,4.12,화면 조회·조작,False,승인된 영상 편집을 위해 빈 CapCut 0919 프로젝트의 원본 가져오기 창을 열어.
2026-09-19T12:24:01.431+09:00,2026-09-19T12:24:04.356+09:00,2.925,화면 조회·조작,False,가져오기 창의 파일 선택 상태를 읽어서 정확한 촬영 파일만 선택하려고 해.
2026-09-19T12:24:11.214+09:00,2026-09-19T12:24:19.982+09:00,8.768,화면 조회·조작,False,CapCut 가져오기 버튼의 현재 좌표를 확인해 클릭하고 새 편 촬영 원본을 추가해.
2026-09-19T12:24:25.328+09:00,2026-09-19T12:24:37.456+09:00,12.128,화면 조회·조작,False,원본 폴더 전체가 아니라 이번 본 촬영 MOV 하나를 가져오도록 정확한 파일 경로를 선택해.
2026-09-19T12:24:42.558+09:00,2026-09-19T12:24:47.809+09:00,5.251,실행 대기,False,write_stdin
2026-09-19T12:24:52.209+09:00,2026-09-19T12:24:55.130+09:00,2.921,화면 조회·조작,False,가져오기 대화상자의 선택 파일과 버튼만 짧게 확인해.
2026-09-19T12:24:59.460+09:00,2026-09-19T12:25:01.876+09:00,2.416,화면 조회·조작,False,CapCut의 파일 선택 창을 눈으로 확인해 정확한 원본 가져오기를 마쳐.
2026-09-19T12:25:10.048+09:00,2026-09-19T12:25:14.077+09:00,4.029,화면 조회·조작,False,한글 경로 키 입력이 반영되지 않아 파일 이동 필드에 정확한 원본 경로를 설정해.
2026-09-19T12:25:19.276+09:00,2026-09-19T12:25:21.266+09:00,1.99,화면 조회·조작,False,파일 경로 입력값이 올바르게 적용됐는지 읽어 확인해.
2026-09-19T12:25:25.295+09:00,2026-09-19T12:25:25.463+09:00,0.168,분석·편집·기록,False,분석·편집·기록
2026-09-19T12:25:33.561+09:00,2026-09-19T12:25:37.409+09:00,3.848,화면 조회·조작,False,화면 밖에 있는 CapCut 창을 보이는 위치로 이동하고 원본 경로를 다시 정확히 입력해.
2026-09-19T12:25:42.588+09:00,2026-09-19T12:25:47.440+09:00,4.852,화면 조회·조작,False,입력된 촬영 원본 파일 경로로 이동해 가져오기 선택을 확정해.
2026-09-19T12:25:53.672+09:00,2026-09-19T12:25:57.494+09:00,3.822,화면 조회·조작,False,선택한 경로 입력란에 포커스를 명시해 CapCut 파일 선택창의 이동을 실행해.
2026-09-19T12:26:03.042+09:00,2026-09-19T12:26:08.274+09:00,5.232,화면 조회·조작,False,파일 이동 입력창에서 지원하는 확인 동작을 조회해 입력 문제를 해결해.
2026-09-19T12:26:13.820+09:00,2026-09-19T12:26:17.883+09:00,4.063,화면 조회·조작,False,파일 이동 입력창이 제공하는 AXConfirm 동작으로 선택 원본 경로를 확인해.
2026-09-19T12:26:24.190+09:00,2026-09-19T12:26:29.978+09:00,5.788,화면 조회·조작,False,CapCut 앱 활성화를 확인한 뒤 파일 이동 입력을 완료해.
2026-09-19T12:26:38.216+09:00,2026-09-19T12:26:43.180+09:00,4.964,화면 조회·조작,False,원본의 정확한 한글 경로를 클립보드 붙여넣기로 선택해 CapCut 가져오기 입력 문제를 해결해.
2026-09-19T12:26:48.623+09:00,2026-09-19T12:26:51.740+09:00,3.117,화면 조회·조작,False,화면 밖의 파일 선택창을 닫고 캡컷 창 위치를 바로잡기 위해 현재 하위창을 정리해. 프로젝트나 파일은 삭제하지 않아.
2026-09-19T12:26:55.658+09:00,2026-09-19T12:26:58.194+09:00,2.536,화면 조회·조작,False,CapCut 입력이 반영되지 않는 원인을 확인하려고 현재 표시된 화면을 확인해.
2026-09-19T12:27:00.527+09:00,2026-09-19T12:27:00.732+09:00,0.205,이미지 확인,False,view_image
2026-09-19T12:27:05.566+09:00,2026-09-19T12:27:09.180+09:00,3.614,화면 조회·조작,False,파일 선택창을 취소해 CapCut 창을 화면 안으로 옮길 수 있게 해.
2026-09-19T12:27:14.490+09:00,2026-09-19T12:27:18.409+09:00,3.919,화면 조회·조작,False,파일 선택창을 닫은 뒤 CapCut 본창을 화면 안으로 옮겨 안정적으로 원본을 가져와.
2026-09-19T12:27:23.817+09:00,2026-09-19T12:27:26.097+09:00,2.28,화면 조회·조작,False,현재 CapCut 제어 상태와 사용할 수 있는 로컬 GUI 도구를 확인해.
2026-09-19T12:27:30.430+09:00,2026-09-19T12:27:34.990+09:00,4.56,화면 조회·조작,False,CapCut 파일 선택창을 표준 AppleScript 키 입력으로 닫고 화면 반영을 확인해.
2026-09-19T12:27:37.899+09:00,2026-09-19T12:27:38.095+09:00,0.196,이미지 확인,False,view_image
2026-09-19T12:27:45.915+09:00,2026-09-19T12:27:49.954+09:00,4.039,화면 조회·조작,False,CapCut UI 입력 문제를 진단하고 표준 macOS 이벤트로 현재 파일 이동창을 닫아. 앱 권한 설정은 변경하지 않아.
2026-09-19T12:27:54.517+09:00,2026-09-19T12:27:59.727+09:00,5.21,이미지 확인,False,view_image
2026-09-19T12:28:05.775+09:00,2026-09-19T12:28:08.413+09:00,2.638,화면 조회·조작,False,macOS 입력 방식 변경 후 CapCut 파일 선택창이 닫혔는지 확인해.
2026-09-19T12:28:12.500+09:00,2026-09-19T12:28:12.560+09:00,0.06,사용자 질문,False,사용자 질문
2026-09-19T12:28:17.347+09:00,2026-09-19T12:28:17.457+09:00,0.11,분석·편집·기록,False,분석·편집·기록
2026-09-19T12:28:25.958+09:00,2026-09-19T12:28:26.185+09:00,0.227,분석·편집·기록,False,분석·편집·기록
2026-09-19T12:29:00.279+09:00,2026-09-19T12:29:01.320+09:00,1.041,분석·편집·기록,False,분석·편집·기록
2026-09-19T12:29:09.001+09:00,2026-09-19T12:29:10.174+09:00,1.173,분석·편집·기록,False,check-cut.py
2026-09-19T12:29:16.105+09:00,2026-09-19T12:29:21.185+09:00,5.08,실행 대기,False,write_stdin
2026-09-19T12:29:25.936+09:00,2026-09-19T12:29:31.058+09:00,5.122,실행 대기,False,write_stdin
2026-09-19T12:29:46.213+09:00,2026-09-19T12:29:46.318+09:00,0.105,실행 대기,False,write_stdin
2026-09-19T12:29:55.992+09:00,2026-09-19T12:29:56.102+09:00,0.11,분석·편집·기록,False,분석·편집·기록
2026-09-19T12:31:15.732+09:00,2026-09-19T12:31:18.451+09:00,2.719,화면 조회·조작,False,사용자가 영상 편집이 멈춘 원인 확인을 요청했어. 현재 CapCut 창과 파일 선택창 상태만 읽어 정확한 차단 지점을 진단해.
2026-09-19T12:31:23.763+09:00,2026-09-19T12:31:31.013+09:00,7.25,화면 조회·조작,False,현재 파일 선택창의 버튼과 입력값을 읽어 원본 선택을 완료할 정확한 동작을 찾고 있어.
2026-09-19T12:31:37.421+09:00,2026-09-19T12:31:43.617+09:00,6.196,화면 조회·조작,False,폴더 이동은 완료된 것을 확인했어. 가져오기 전에 선택된 파일이 본 촬영 MOV인지 확인해.
2026-09-19T12:31:48.126+09:00,2026-09-19T12:31:52.529+09:00,4.403,화면 조회·조작,True,선택된 파일이 촬영 원본 MOV 하나인 것을 확인했으므로 CapCut에 가져와. 사용자가 승인한 영상 편집의 원본 등록 단계야.
2026-09-19T12:31:59.127+09:00,2026-09-19T12:32:09.547+09:00,10.42,화면 조회·조작,False,원본 가져오기 실행 후 파일 선택창이 닫히고 CapCut 미디어 카드가 생겼는지 확인해.
2026-09-19T12:32:17.925+09:00,2026-09-19T12:32:24.419+09:00,6.494,화면 조회·조작,False,원본 가져오기를 완료했으므로 CapCut 창을 화면 안으로 옮기고 미디어를 타임라인에 추가할 버튼을 확인해.
2026-09-19T12:32:29.428+09:00,2026-09-19T12:32:31.694+09:00,2.266,화면 조회·조작,False,캡컷 미디어 카드가 실제 생성된 화면에서 타임라인 추가 위치를 확인해.
2026-09-19T12:32:34.103+09:00,2026-09-19T12:32:34.300+09:00,0.197,이미지 확인,False,view_image
2026-09-19T12:32:41.464+09:00,2026-09-19T12:32:53.859+09:00,12.395,화면 조회·조작,False,가져온 원본 전체를 CapCut 빈 타임라인에 먼저 올리고 실제 3분28초 길이를 확인해.
2026-09-19T12:32:58.960+09:00,2026-09-19T12:33:01.774+09:00,2.814,화면 조회·조작,False,드래그 후 실제 타임라인 저장 상태와 화면을 함께 확인해.
2026-09-19T12:33:05.241+09:00,2026-09-19T12:33:05.435+09:00,0.194,이미지 확인,False,view_image
2026-09-19T12:33:12.615+09:00,2026-09-19T12:33:18.507+09:00,5.892,화면 조회·조작,False,원본 미디어의 문맥 메뉴에서 타임라인에 추가하는 명령을 확인해.
2026-09-19T12:33:26.297+09:00,2026-09-19T12:33:33.176+09:00,6.879,화면 조회·조작,False,"빈 프로젝트를 정상적으로 닫아 저장한 뒤 백업하고, 원본 타임라인을 안전하게 구성하려고 해. 강제 종료하지 않아."
2026-09-19T12:33:42.505+09:00,2026-09-19T12:33:45.576+09:00,3.071,화면 조회·조작,False,정상 닫기 후 프로젝트가 홈으로 돌아갔는지 확인해 자동 저장 중인 파일을 덮어쓰지 않도록 해.
2026-09-19T12:33:50.944+09:00,2026-09-19T12:33:51.080+09:00,0.136,분석·편집·기록,False,분석·편집·기록
2026-09-19T12:34:03.718+09:00,2026-09-19T12:34:08.645+09:00,4.927,분석·편집·기록,False,"사용자가 승인한 영상 편집을 위해 정상적으로 닫은 빈 CapCut 0919 프로젝트를 ZIP 백업한 다음, 이번 원본 MOV 전체 207.9초 타임라인을 구성해. 원본과 다른 프로젝트는 변경하지 않고 백업으로 되돌릴 수 있어."
2026-09-19T12:34:12.352+09:00,2026-09-19T12:34:15.023+09:00,2.671,화면 조회·조작,False,CapCut 홈의 추천 팝업만 닫고 원본 타임라인 프로젝트를 다시 열 준비를 해.
2026-09-19T12:34:19.138+09:00,2026-09-19T12:34:23.216+09:00,4.078,화면 조회·조작,False,CapCut 홈에서 0919 프로젝트 카드 위치를 확인해 원본 타임라인을 열어.
2026-09-19T12:34:28.089+09:00,2026-09-19T12:34:32.235+09:00,4.146,화면 조회·조작,False,홈에서 0919 프로젝트 썸네일을 열어 새로 구성한 원본 타임라인을 실제 CapCut에서 확인해.
2026-09-19T12:34:36.036+09:00,2026-09-19T12:34:42.517+09:00,6.481,화면 조회·조작,False,원본 전체 타임라인이 CapCut에 실제 로드되어 3분28초로 표시되는지 검증해.
2026-09-19T12:34:51.218+09:00,2026-09-19T12:34:58.269+09:00,7.051,화면 조회·조작,False,원본 타임라인 확인을 마쳤으므로 프로젝트를 정상적으로 닫고 백업 후 준비한 컷과 자막을 적용해.
2026-09-19T12:35:02.156+09:00,2026-09-19T12:35:02.296+09:00,0.14,분석·편집·기록,False,분석·편집·기록
2026-09-19T12:35:49.406+09:00,2026-09-19T12:35:49.915+09:00,0.509,분석·편집·기록,True,build-edit.py
2026-09-19T12:35:56.162+09:00,2026-09-19T12:36:00.695+09:00,4.533,화면 조회·조작,False,컷·자막 적용 전에 CapCut이 홈으로 돌아와 프로젝트가 닫힌 상태인지 확인해.
2026-09-19T12:36:10.172+09:00,2026-09-19T12:36:10.923+09:00,0.751,이미지 확인,False,build-edit.py
2026-09-19T12:36:27.270+09:00,2026-09-19T12:36:32.939+09:00,5.669,화면 조회·조작,False,사용자가 승인한 로컬 영상 편집을 진행해. 정상 닫힌 0919 프로젝트와 복구 사본을 백업하고 원본 불변·파일 해시를 확인한 후 이번 편의 컷·자막·자료화면·BGM·효과음만 적용해. 원본 파일은 변경하지 않아. / 적용한 이번 편집본을 CapCut에서 열어 실제 렌더링과 자막을 확인해.
2026-09-19T12:36:39.630+09:00,2026-09-19T12:36:44.739+09:00,5.109,화면 조회·조작,False,편집본의 길이와 미리보기·즐겨찾기 스티커·내보내기 버튼의 실제 위치를 확인해.
2026-09-19T12:36:48.918+09:00,2026-09-19T12:36:52.711+09:00,3.793,화면 조회·조작,False,프로젝트 적용 후 현재 홈 카드와 팝업 위치가 달라졌는지 확인해.
2026-09-19T12:36:58.660+09:00,2026-09-19T12:37:03.851+09:00,5.191,화면 조회·조작,False,현재 실제 홈 카드 위치에서 0919 편집본을 열어.
2026-09-19T12:37:12.424+09:00,2026-09-19T12:37:26.922+09:00,14.498,화면 조회·조작,False,실제 편집본을 화면 안에 배치하고 길이·자막 검수와 내보내기를 준비해.
2026-09-19T12:37:30.476+09:00,2026-09-19T12:37:34.345+09:00,3.869,실행 대기,True,write_stdin
2026-09-19T12:37:41.908+09:00,2026-09-19T12:37:44.966+09:00,3.058,화면 조회·조작,False,프로젝트를 연 뒤 창 조회가 달라져 CapCut의 현재 프로세스와 창 상태를 진단해.
2026-09-19T12:37:54.113+09:00,2026-09-19T12:37:58.262+09:00,4.149,화면 조회·조작,False,CapCut이 요청하는 누락 미디어 연결창을 읽어 어떤 참조 경로가 필요한지 확인해.
2026-09-19T12:38:02.922+09:00,2026-09-19T12:38:05.989+09:00,3.067,화면 조회·조작,False,누락 미디어 안내창의 화면을 캡처할 창 번호를 확인해.
2026-09-19T12:38:09.019+09:00,2026-09-19T12:38:12.605+09:00,3.586,화면 조회·조작,False,어떤 미디어 경로가 누락됐는지 CapCut 안내를 직접 확인해.
2026-09-19T12:38:19.494+09:00,2026-09-19T12:38:19.633+09:00,0.139,이미지 확인,False,view_image
2026-09-19T12:38:29.833+09:00,2026-09-19T12:38:32.494+09:00,2.661,화면 조회·조작,False,미디어 접근 경로를 프로젝트 내부로 옮겨 복원하기 위해 현재 누락 미디어 안내만 취소해. 파일은 삭제하지 않아.
2026-09-19T12:38:37.962+09:00,2026-09-19T12:38:51.039+09:00,13.077,화면 조회·조작,False,미디어 경로 복원 전에 프로젝트를 정상 종료해 자동저장과 충돌하지 않게 해.
2026-09-19T12:38:56.655+09:00,2026-09-19T12:39:00.472+09:00,3.817,화면 조회·조작,False,CapCut이 홈으로 돌아온 것을 확인하고 미디어 사본 연결을 적용하려고 해.
2026-09-19T12:39:15.420+09:00,2026-09-19T12:39:25.722+09:00,10.302,화면 조회·조작,False,사용자가 승인한 편집 프로젝트가 보조자료를 읽도록 원본·음원·기존 스타일 리소스의 사본을 CapCut 0919 프로젝트 내부에 넣고 경로만 연결해. 원본은 보존하며 기존 프로젝트 파일을 먼저 백업하고 SHA256으로 사본을 검증해. / 프로젝트 내부 리소스로 연결한 편집본을 다시 열어 누락 경고 없이 로드되는지 검증해.
2026-09-19T12:39:31.217+09:00,2026-09-19T12:39:43.826+09:00,12.609,화면 조회·조작,False,프로젝트 내부 사본 연결 후 실제 CapCut 타임라인 길이와 누락 경고 여부를 확인해.
2026-09-19T12:39:46.995+09:00,2026-09-19T12:39:49.345+09:00,2.35,실행 대기,False,write_stdin
2026-09-19T12:39:58.433+09:00,2026-09-19T12:40:01.759+09:00,3.326,화면 조회·조작,False,1분51초 편집본이 정상 로드돼 검수를 위해 창을 화면 안으로 이동해.
2026-09-19T12:40:04.607+09:00,2026-09-19T12:40:07.509+09:00,2.902,화면 조회·조작,False,편집본의 제목·얼굴·한 줄 자막 실제 렌더링을 확인해.
2026-09-19T12:40:09.673+09:00,2026-09-19T12:40:09.891+09:00,0.218,이미지 확인,False,view_image
2026-09-19T12:40:18.407+09:00,2026-09-19T12:40:22.194+09:00,3.787,화면 조회·조작,False,사용자 기준대로 현재 CapCut 스티커 즐겨찾기 목록 안에서만 사용할 수 있는 항목을 확인해.
2026-09-19T12:40:26.446+09:00,2026-09-19T12:40:38.948+09:00,12.502,화면 조회·조작,False,스티커 패널에서 즐겨찾기 탭과 현재 접근 가능한 목록을 읽어.
2026-09-19T12:40:43.481+09:00,2026-09-19T12:40:48.492+09:00,5.011,실행 대기,False,write_stdin
2026-09-19T12:40:54.683+09:00,2026-09-19T12:41:00.121+09:00,5.438,실행 대기,False,write_stdin
2026-09-19T12:41:08.440+09:00,2026-09-19T12:41:11.317+09:00,2.877,화면 조회·조작,False,화면 검수와 로컬 내보내기를 위해 CapCut의 현재 창 위치를 확인해.
2026-09-19T12:41:14.784+09:00,2026-09-19T12:41:18.975+09:00,4.191,화면 조회·조작,False,즐겨찾기 목록을 확인하기 위해 스티커 패널 화면을 직접 확인해.
2026-09-19T12:41:22.686+09:00,2026-09-19T12:41:22.908+09:00,0.222,이미지 확인,False,view_image
2026-09-19T12:41:28.650+09:00,2026-09-19T12:41:31.856+09:00,3.206,화면 조회·조작,False,CapCut 스티커 내 보관함을 열어 사용자가 지정한 즐겨찾기 목록을 확인해.
2026-09-19T12:41:37.702+09:00,2026-09-19T12:41:41.243+09:00,3.541,화면 조회·조작,False,스티커 보관함의 즐겨찾기 탭 상태를 확인해.
2026-09-19T12:41:44.706+09:00,2026-09-19T12:41:44.946+09:00,0.24,이미지 확인,False,view_image
2026-09-19T12:41:50.781+09:00,2026-09-19T12:41:53.277+09:00,2.496,화면 조회·조작,False,현재 즐겨찾기에 보이는 스티커 이름을 일괄 읽어 기존 보관 리소스와 대조해.
2026-09-19T12:42:00.234+09:00,2026-09-19T12:42:03.487+09:00,3.253,화면 조회·조작,False,편집본의 로컬 내보내기 설정을 확인하고 클라우드 동기화를 끄기 위해 내보내기 창을 열어.
2026-09-19T12:42:10.933+09:00,2026-09-19T12:42:13.622+09:00,2.689,화면 조회·조작,False,내보내기 대화상자의 창 번호와 위치를 확인해 로컬 출력 설정을 검수해.
2026-09-19T12:42:19.080+09:00,2026-09-19T12:42:21.480+09:00,2.4,화면 조회·조작,True,현재 창 크기가 바뀌어 내보내기 버튼의 실제 위치를 다시 읽어 정확히 열어.
2026-09-19T12:42:25.128+09:00,2026-09-19T12:42:27.822+09:00,2.694,화면 조회·조작,False,바뀐 CapCut 창이 편집 화면인지 내보내기 창인지 직접 확인해.
2026-09-19T12:42:32.648+09:00,2026-09-19T12:42:32.960+09:00,0.312,이미지 확인,False,view_image
2026-09-19T12:42:41.018+09:00,2026-09-19T12:42:41.097+09:00,0.079,사용자 질문,False,사용자 질문
2026-09-19T12:42:53.474+09:00,2026-09-19T12:42:54.355+09:00,0.881,분석·편집·기록,False,분석·편집·기록
2026-09-19T12:43:07.048+09:00,2026-09-19T12:43:13.695+09:00,6.647,화면 조회·조작,False,사용자 재생을 방해하지 않고 현재 전체 화면 미리보기 상태와 진행 시각만 조회해.
2026-09-19T12:43:25.378+09:00,2026-09-19T12:43:25.488+09:00,0.11,분석·편집·기록,True,분석·편집·기록
2026-09-19T12:43:32.267+09:00,2026-09-19T12:43:35.228+09:00,2.961,화면 조회·조작,False,사용자가 승인한 로컬 편집과 내보내기를 마치기 위해 전체 화면 미리보기를 닫아 편집 화면으로 돌아가. 프로젝트는 변경하지 않아.
2026-09-19T12:43:39.616+09:00,2026-09-19T12:43:41.956+09:00,2.34,화면 조회·조작,False,전체 화면 종료 뒤 실제 내보내기 버튼 위치를 조회해.
2026-09-19T12:43:49.166+09:00,2026-09-19T12:43:51.827+09:00,2.661,화면 조회·조작,False,전체 화면 플레이어 하단의 종료 버튼을 표시해 편집 화면으로 돌아가려고 해.
2026-09-19T12:43:55.940+09:00,2026-09-19T12:43:59.328+09:00,3.388,화면 조회·조작,False,플레이어 하단 컨트롤을 표시한 뒤 전체 화면 종료 버튼 위치를 확인해.
2026-09-19T12:44:01.740+09:00,2026-09-19T12:44:02.037+09:00,0.297,이미지 확인,False,view_image
2026-09-19T12:44:09.584+09:00,2026-09-19T12:44:12.446+09:00,2.862,화면 조회·조작,False,CapCut 위에 떠 있는 EditPilot 튜토리얼이 입력을 가리고 있어 ‘닫기’만 눌러 정상 편집 화면 제어를 복구해. AI 편집 기능을 실행하거나 외부 전송하지 않아.
2026-09-19T12:44:16.246+09:00,2026-09-19T12:44:19.900+09:00,3.654,화면 조회·조작,False,튜토리얼을 닫은 뒤 전체 화면 미리보기를 종료해 내보내기로 돌아가.
2026-09-19T12:44:25.342+09:00,2026-09-19T12:44:28.392+09:00,3.05,화면 조회·조작,False,전체 화면 종료와 내보내기 버튼 복귀를 확인해.
2026-09-19T12:44:35.717+09:00,2026-09-19T12:44:38.501+09:00,2.784,화면 조회·조작,False,정상 제어가 복구된 CapCut에서 현재 편집본의 내보내기 설정 창을 열어.
2026-09-19T12:44:42.208+09:00,2026-09-19T12:44:46.065+09:00,3.857,화면 조회·조작,False,내보내기 창의 저장 위치와 클라우드 동기화 설정을 읽기 위해 현재 창 정보를 확인해.
2026-09-19T12:44:50.813+09:00,2026-09-19T12:44:56.068+09:00,5.255,화면 조회·조작,True,출력 이름·형식·해상도·동기화 체크 상태를 확인해 로컬 출력만 실행하려고 해.
2026-09-19T12:44:58.692+09:00,2026-09-19T12:44:59.664+09:00,0.972,이미지 확인,False,view_image
2026-09-19T12:45:12.759+09:00,2026-09-19T12:45:17.095+09:00,4.336,화면 조회·조작,False,내보내기 이름을 이번 소재·버전으로 지정하고 기본으로 체크된 공간 동기화를 꺼서 로컬 파일만 출력하도록 설정해.
2026-09-19T12:45:22.572+09:00,2026-09-19T12:45:25.159+09:00,2.587,화면 조회·조작,False,내보내기를 실행하기 전에 파일명과 공간 동기화 해제 상태를 최종 확인해.
2026-09-19T12:45:27.531+09:00,2026-09-19T12:45:27.733+09:00,0.202,이미지 확인,False,view_image
2026-09-19T12:45:39.723+09:00,2026-09-19T12:45:44.868+09:00,5.145,화면 조회·조작,False,공간 동기화가 꺼진 것을 화면에서 확인했어. 승인된 이번 편집본을 2K HEVC MOV 30fps로 로컬 내보내기 실행해.
2026-09-19T12:45:51.548+09:00,2026-09-19T12:45:51.664+09:00,0.116,분석·편집·기록,False,분석·편집·기록
2026-09-19T12:46:09.832+09:00,2026-09-19T12:46:11.018+09:00,1.186,분석·편집·기록,False,verify-export.py
2026-09-19T12:46:13.814+09:00,2026-09-19T12:46:18.822+09:00,5.008,실행 대기,False,write_stdin
2026-09-19T12:46:24.045+09:00,2026-09-19T12:46:24.160+09:00,0.115,분석·편집·기록,False,verify-export.py
2026-09-19T12:46:41.577+09:00,2026-09-19T12:46:41.655+09:00,0.078,실행 대기,False,write_stdin
2026-09-19T12:46:45.793+09:00,2026-09-19T12:46:46.188+09:00,0.395,이미지 확인,False,view_image
2026-09-19T12:46:59.809+09:00,2026-09-19T12:47:02.728+09:00,2.919,화면 조회·조작,False,출력 완료창과 현재 프로젝트 상태를 확인해 검수에서 발견한 자료 화면 시점만 수정하려고 해.
2026-09-19T12:47:09.102+09:00,2026-09-19T12:47:11.966+09:00,2.864,화면 조회·조작,False,내보내기 후 공유 안내창을 닫을 버튼만 확인해. 게시나 외부 공유는 실행하지 않아.
2026-09-19T12:47:15.958+09:00,2026-09-19T12:47:18.722+09:00,2.764,화면 조회·조작,False,게시하지 않고 출력 완료 안내만 닫아.
2026-09-19T12:47:24.366+09:00,2026-09-19T12:47:27.090+09:00,2.724,화면 조회·조작,False,수정 전 자동 저장을 완료하도록 프로젝트를 정상 닫고 백업해.
2026-09-19T12:47:45.631+09:00,2026-09-19T12:47:49.142+09:00,3.511,화면 조회·조작,False,コ멘트 화면 시점을 맞추고 현재 즐겨찾기로 확인한 두 스티커를 대사에 맞춰 추가하기 전에 프로젝트 닫힘을 확인해.
2026-09-19T12:47:55.987+09:00,2026-09-19T12:47:59.801+09:00,3.814,화면 조회·조작,False,출력 완료 안내가 남아 있어 정상 닫기 버튼이 반영되지 않았는지 확인해.
2026-09-19T12:48:05.243+09:00,2026-09-19T12:48:07.932+09:00,2.689,화면 조회·조작,False,CapCut 출력 완료 안내의 닫기 버튼을 실제 좌표로 눌러 게시 없이 편집 화면으로 돌아가.
2026-09-19T12:48:12.235+09:00,2026-09-19T12:48:15.762+09:00,3.527,화면 조회·조작,True,출력 안내가 닫힌 상태에서 정상 프로젝트 닫기를 실행해 최종 보완 전 백업을 준비해.
2026-09-19T12:48:19.791+09:00,2026-09-19T12:48:22.513+09:00,2.722,화면 조회·조작,False,출력 완료창 위에 새 안내가 있는지 실제 화면을 확인해 반복 클릭을 피하려고 해.
2026-09-19T12:48:24.927+09:00,2026-09-19T12:48:25.165+09:00,0.238,이미지 확인,False,view_image
2026-09-19T12:48:33.652+09:00,2026-09-19T12:48:37.178+09:00,3.526,화면 조회·조작,False,터미널이 앞에 있어 클릭이 가려진 것을 확인했어. CapCut 전면 여부를 확인하고 출력 완료 안내만 닫아.
2026-09-19T12:48:41.717+09:00,2026-09-19T12:48:46.126+09:00,4.409,화면 조회·조작,False,출력 완료 안내가 닫힌 것을 확인하고 프로젝트를 정상 저장·닫기 해.
2026-09-19T12:48:51.177+09:00,2026-09-19T12:48:56.012+09:00,4.835,화면 조회·조작,False,프로젝트 홈 상태를 확인하고 v001을 백업한 뒤 코멘트 화면 시점 보완과 현재 즐겨찾기2개만 v002로 적용해. 기존 출력과 원본은 보존해.
2026-09-19T12:49:04.232+09:00,2026-09-19T12:49:07.893+09:00,3.661,화면 조회·조작,False,v002 프로젝트를 열어 보완 화면과 즐겨찾기 스티커를 검수하고 로컬 출력해.
2026-09-19T12:49:15.299+09:00,2026-09-19T12:49:19.548+09:00,4.249,화면 조회·조작,False,v002 길이와 로드 상태를 확인하고 출력 창이 화면 안에 오도록 위치를 맞춰.
2026-09-19T12:49:26.110+09:00,2026-09-19T12:49:29.471+09:00,3.361,화면 조회·조작,False,기존 v001 출력은 보존하고 보완한 v002를 별도 파일로 내보낼 준비를 해.
2026-09-19T12:49:37.636+09:00,2026-09-19T12:49:42.922+09:00,5.286,화면 조회·조작,False,출력 이름을 v002로 지정해 v001을 덮어쓰지 않게 해.
2026-09-19T12:49:46.181+09:00,2026-09-19T12:49:51.463+09:00,5.282,화면 조회·조작,False,v002 파일명과 공간 동기화 해제 상태를 확인한 뒤 출력하려고 해.
2026-09-19T12:49:54.407+09:00,2026-09-19T12:49:56.207+09:00,1.8,이미지 확인,False,view_image
2026-09-19T12:50:04.675+09:00,2026-09-19T12:50:11.019+09:00,6.344,화면 조회·조작,False,파일명 입력 중 누락과 덧붙임을 확인했어. 정확한 전체 파일명을 선택·붙여넣기로 교정해.
2026-09-19T12:50:15.011+09:00,2026-09-19T12:50:18.359+09:00,3.348,화면 조회·조작,False,출력 실행 전에 v002 파일명이 정확히 입력됐는지 확인해.
2026-09-19T12:50:25.860+09:00,2026-09-19T12:50:32.792+09:00,6.932,화면 조회·조작,False,파일명 입력 필드의 실제 위치와 값 구조를 확인해서 정확한 이름으로 저장해.
2026-09-19T12:50:45.031+09:00,2026-09-19T12:50:48.993+09:00,3.962,화면 조회·조작,False,공간 동기화가 꺼진 보완본을 기존 파일과 충돌하지 않는 현재 출력명으로 로컬 내보내기 해. 완료 뒤 결과 폴더에 정확한 소재ID·v002 이름으로 복사해 검증할 거야.
2026-09-19T12:50:55.080+09:00,2026-09-19T12:50:55.181+09:00,0.101,분석·편집·기록,False,분석·편집·기록
2026-09-19T12:51:06.602+09:00,2026-09-19T12:51:07.784+09:00,1.182,분석·편집·기록,False,verify-export-v002.py
2026-09-19T12:51:36.945+09:00,2026-09-19T12:51:37.316+09:00,0.371,분석·편집·기록,False,분석·편집·기록
2026-09-19T12:51:47.756+09:00,2026-09-19T12:51:47.901+09:00,0.145,실행 대기,True,write_stdin
2026-09-19T12:51:59.163+09:00,2026-09-19T12:52:00.129+09:00,0.966,이미지 확인,False,view_image
2026-09-19T12:52:16.544+09:00,2026-09-19T12:52:20.680+09:00,4.136,분석·편집·기록,False,사용자가 요청한 영상 편집을 완료했어. 검증한 v002 결과 영상을 Finder에서 선택해 바로 확인할 수 있도록 열어.
