분류,모음 내 경로,원래 경로,바이트,SHA256,동일 내용 사본 수
Finder 관리파일,09_앱관리파일/.DS_Store,/Users/kim.kkun/Projects/김꾼_영상보관/2026-09-19_owner-emotions/.DS_Store,10244,2c315bff3273f81f222ab8a108da8819bcc4c4d68dc5d5623236f1e92b0e2c2e,1
편집 작업 생성물,06_문서/영상보관함_README.md,/Users/kim.kkun/Projects/김꾼_영상보관/2026-09-19_owner-emotions/README.md,3527,0371811ebfb2a2093212011e12000d561f4d63ab46c4f8655135a79e9917206b,1
자동 보관 사본,07_중복출력_자동보관/2026-09-19_owner-emotions/04_최종본/자동보관/2026-09-19_owner-emotions_v001__20260919-124507__c0af2ef3f252/manifest.json,/Users/kim.kkun/Projects/김꾼_영상보관/2026-09-19_owner-emotions/04_최종본/자동보관/2026-09-19_owner-emotions_v001__20260919-124507__c0af2ef3f252/manifest.json,597,2aa325c03b96392b2cb5258c0c2f0ebd4fe2f36a05258a541d8c1e51bac6955a,1
자동 보관 사본,07_중복출력_자동보관/2026-09-19_owner-emotions/04_최종본/자동보관/2026-09-19_owner-emotions_v001__20260919-124507__c0af2ef3f252/2026-09-19_owner-emotions_v001.mov,/Users/kim.kkun/Projects/김꾼_영상보관/2026-09-19_owner-emotions/04_최종본/자동보관/2026-09-19_owner-emotions_v001__20260919-124507__c0af2ef3f252/2026-09-19_owner-emotions_v001.mov,201446319,c0af2ef3f2526aeb9cae54d0c7fe9f261a2ba0012082ad5bb5e11f68d381fc50,3
편집 작업 생성물,02_작업자료/check-cut.py,/Users/kim.kkun/Projects/김꾼_영상보관/2026-09-19_owner-emotions/02_AI편집/check-cut.py,643,a549494a757063df0c2eec81e50cb68f697e56e3f6000ad0de270a196039febc,1
편집 작업 생성물,02_작업자료/apply-edit.py,/Users/kim.kkun/Projects/김꾼_영상보관/2026-09-19_owner-emotions/02_AI편집/apply-edit.py,1212,0fe329ac928a7a7b9edb63d74387eba82691a449e72f1c77ce360fb612fe1943,1
편집 작업 생성물,02_작업자료/v002-export-99.png,/Users/kim.kkun/Projects/김꾼_영상보관/2026-09-19_owner-emotions/02_AI편집/v002-export-99.png,241083,ebaaa1d953d7c4e1c5b73237418fc639434d02be12c8fa22c19ff4f5418ff37c,1
편집 작업 생성물,02_작업자료/source-manifest.json,/Users/kim.kkun/Projects/김꾼_영상보관/2026-09-19_owner-emotions/02_AI편집/source-manifest.json,701,f2a8dc419a742685c6721eeea8cc65a1197aa5b28bf59ca882481861d8457af8,1
편집 작업 생성물,02_작업자료/export-109.7.png,/Users/kim.kkun/Projects/김꾼_영상보관/2026-09-19_owner-emotions/02_AI편집/export-109.7.png,515882,7dd09ac9f35815ce36e97432e8f074183a17fd996a2ab5b49a79e0335fbad7ff,1
편집 작업 생성물,02_작업자료/v001-applied-content.json,/Users/kim.kkun/Projects/김꾼_영상보관/2026-09-19_owner-emotions/02_AI편집/v001-applied-content.json,893848,ddad40e6f7b5a88aa8b68e88665084e9b1a25c0105a8e9fb53d13f213cf79a04,1
편집 작업 생성물,02_작업자료/export-8.png,/Users/kim.kkun/Projects/김꾼_영상보관/2026-09-19_owner-emotions/02_AI편집/export-8.png,590663,db377e9eef4b5c9eaa0d06c551fba0e4c6023b68212cd27c4ae0b61470c754fa,1
편집 작업 생성물,02_작업자료/v000-original-project.json,/Users/kim.kkun/Projects/김꾼_영상보관/2026-09-19_owner-emotions/02_AI편집/v000-original-project.json,10105,72c814044976d018e14c2137f4e47e5324f407390e1cea91a12ceed3b043fa06,1
편집 작업 생성물,02_작업자료/v001-content.json,/Users/kim.kkun/Projects/김꾼_영상보관/2026-09-19_owner-emotions/02_AI편집/v001-content.json,891500,5a3ac6c8f8e9e702a51b2185194b36059e9a6065ba19d83068d3a2a8795fb4e9,1
편집 작업 생성물,02_작업자료/_talkv_dJMcbtDblli_wEmEsqdvq05akIWk4b16nK_talkv_high 2-8s.png,/Users/kim.kkun/Projects/김꾼_영상보관/2026-09-19_owner-emotions/02_AI편집/_talkv_dJMcbtDblli_wEmEsqdvq05akIWk4b16nK_talkv_high 2-8s.png,84226,cbce447addaeb87628eefc858815a1edb0c23073abb9c4ad979e0cc6968b1ba4,1
편집 작업 생성물,02_작업자료/v001-bgm.wav,/Users/kim.kkun/Projects/김꾼_영상보관/2026-09-19_owner-emotions/02_AI편집/v001-bgm.wav,9796124,9bf48228d5b0ed062258fdc5519074085b0dda0e9176677207aac791c806816d,2
편집 작업 생성물,02_작업자료/copy_1903E635-6CBB-458F-92B5-1BCF30A122D9 2-180s.png,/Users/kim.kkun/Projects/김꾼_영상보관/2026-09-19_owner-emotions/02_AI편집/copy_1903E635-6CBB-458F-92B5-1BCF30A122D9 2-180s.png,249773,76326e5e3cf337d35ae9350f7c4e60e7e9953d8bbb3ca4510604f7028a3de0fd,1
편집 작업 생성물,02_작업자료/v002-export-75.png,/Users/kim.kkun/Projects/김꾼_영상보관/2026-09-19_owner-emotions/02_AI편집/v002-export-75.png,100644,15d6b2992eae069560dc5a8843438ea6f26c7f844ac4f6d5c5262addc9778912,1
편집 작업 생성물,02_작업자료/v002-export-0.6.png,/Users/kim.kkun/Projects/김꾼_영상보관/2026-09-19_owner-emotions/02_AI편집/v002-export-0.6.png,546928,49c1f3e1c7129fe6c5b1721df6ce44a2c326f60220d2f051aeb7317e929f4e59,1
편집 작업 생성물,02_작업자료/build-edit.py,/Users/kim.kkun/Projects/김꾼_영상보관/2026-09-19_owner-emotions/02_AI편집/build-edit.py,8129,31dec077aeb6224fecbc9415617d8ac8dcd3b6ed322fef417a657a51cc53957a,1
편집 작업 생성물,02_작업자료/v000-empty-project-backup.zip,/Users/kim.kkun/Projects/김꾼_영상보관/2026-09-19_owner-emotions/02_AI편집/v000-empty-project-backup.zip,11520,64ac1fc55206bfa8eac687ac90645c1024530141a18e572a116ac6d23b7d1112,1
편집 작업 생성물,02_작업자료/v001-plan.json,/Users/kim.kkun/Projects/김꾼_영상보관/2026-09-19_owner-emotions/02_AI편집/v001-plan.json,23929,3d410105a15c093169801171d04f5188ee0cae89dbc0851ca76d105610c92613,1
편집 작업 생성물,02_작업자료/v001-exported-project.zip,/Users/kim.kkun/Projects/김꾼_영상보관/2026-09-19_owner-emotions/02_AI편집/v001-exported-project.zip,322232,162154a8765e74b5e0053132ea0f2466eabd5ddf543cfb86d80462dd973e6a39,1
편집 작업 생성물,01_전달본/v002-capcut-project-bundle.zip,/Users/kim.kkun/Projects/김꾼_영상보관/2026-09-19_owner-emotions/02_AI편집/v002-capcut-project-bundle.zip,377027545,4e90f241a9cc00f915e9f931c3caf740442a3266df04794891c8e8d5de86511b,1
편집 작업 생성물,02_작업자료/v001-preparation-plan.json,/Users/kim.kkun/Projects/김꾼_영상보관/2026-09-19_owner-emotions/02_AI편집/v001-preparation-plan.json,20594,9f0ba489778d4271b91dd5979ec6916a1b9d4d13571b987d18ec14c3c83f3f18,1
편집 작업 생성물,02_작업자료/_talkv_dJMcbtDblli_wEmEsqdvq05akIWk4b16nK_talkv_high 2-2s.png,/Users/kim.kkun/Projects/김꾼_영상보관/2026-09-19_owner-emotions/02_AI편집/_talkv_dJMcbtDblli_wEmEsqdvq05akIWk4b16nK_talkv_high 2-2s.png,92999,f8d73a1ba6be9a627e60e3d9c3eb1407f2ecaa7b9c3d49c1ab3602e048b154eb,1
편집 작업 생성물,02_작업자료/ScreenRecording_09-19-2026 12-14-42_1-15s.png,/Users/kim.kkun/Projects/김꾼_영상보관/2026-09-19_owner-emotions/02_AI편집/ScreenRecording_09-19-2026 12-14-42_1-15s.png,35562,2a417decb8d0ac805f90388836cac4311838e85d2ef89032f8f8c1b2fd27a227,1
편집 작업 생성물,02_작업자료/cut-preview-asr.json,/Users/kim.kkun/Projects/김꾼_영상보관/2026-09-19_owner-emotions/02_AI편집/cut-preview-asr.json,4748,380fa139ff39a1c4fe1aa3b6bded151015592350afc1834c24be031bdd94d35f,1
편집 작업 생성물,02_작업자료/v000-original-loaded-backup.zip,/Users/kim.kkun/Projects/김꾼_영상보관/2026-09-19_owner-emotions/02_AI편집/v000-original-loaded-backup.zip,141844,6b6c5212a403d641021fbc6a8b4560a13cfec3edb97f5781d248cd3a4cd5b64d,1
편집 작업 생성물,02_작업자료/v002-export-29.png,/Users/kim.kkun/Projects/김꾼_영상보관/2026-09-19_owner-emotions/02_AI편집/v002-export-29.png,531221,2bf7207b5570f84a84708f4fb2fe93c497b2530937ff49c2ea87c5963aeaba85,1
편집 작업 생성물,02_작업자료/export-audio.npy,/Users/kim.kkun/Projects/김꾼_영상보관/2026-09-19_owner-emotions/02_AI편집/export-audio.npy,7112492,01d1235b0f950f727accf1752d1b7b75f8a6bca28046b4f9c0933aa82392f480,2
편집 작업 생성물,02_작업자료/ScreenRecording_09-19-2026 12-14-42_1-23s.png,/Users/kim.kkun/Projects/김꾼_영상보관/2026-09-19_owner-emotions/02_AI편집/ScreenRecording_09-19-2026 12-14-42_1-23s.png,102898,d194b779a45c0204ec277b106c697f3ae3d973847729c62ae098776d204c28a0,1
편집 작업 생성물,02_작업자료/speech-regions.json,/Users/kim.kkun/Projects/김꾼_영상보관/2026-09-19_owner-emotions/02_AI편집/speech-regions.json,2161,6741ea4496414e87e59a4b2a303525d68ee2a2df9e9baa866839d1136a321d82,1
편집 작업 생성물,02_작업자료/export-71.png,/Users/kim.kkun/Projects/김꾼_영상보관/2026-09-19_owner-emotions/02_AI편집/export-71.png,262005,8a9a4d3f19a154763ef2107e7056fd4cfcf4bd117e1cdf2fe0a2e6060b47a9c7,1
편집 작업 생성물,02_작업자료/refine-v002.py,/Users/kim.kkun/Projects/김꾼_영상보관/2026-09-19_owner-emotions/02_AI편집/refine-v002.py,2409,ee53f5029abedabe7793cccc0356285bc90c06afab2c53799539c0d565b7219e,1
편집 작업 생성물,02_작업자료/source-asr.json,/Users/kim.kkun/Projects/김꾼_영상보관/2026-09-19_owner-emotions/02_AI편집/source-asr.json,30013,68896ef8a3eb0e1c4ad3c2aafb01b2b74d7c5a1470c6fa67828dcaa5425aa026,1
편집 작업 생성물,02_작업자료/v002-plan.json,/Users/kim.kkun/Projects/김꾼_영상보관/2026-09-19_owner-emotions/02_AI편집/v002-plan.json,24142,5d40aa20f0bb5c64030057b4dca26fa0fd0d896fbb3750e4641e56e6ac37f7dd,1
편집 작업 생성물,02_작업자료/v001-preexport-verification.json,/Users/kim.kkun/Projects/김꾼_영상보관/2026-09-19_owner-emotions/02_AI편집/v001-preexport-verification.json,250,f1680bad596d0d036a0dd0ca51e2c213f1579d1d53200d483e93e4d5f11fed32,1
편집 작업 생성물,02_작업자료/export-99.png,/Users/kim.kkun/Projects/김꾼_영상보관/2026-09-19_owner-emotions/02_AI편집/export-99.png,240800,a0e12be6c33d6fae58dac28632b08cfe3921ccc301e6033b884e95eef1f2fd4f,1
편집 작업 생성물,02_작업자료/v002-export-109.7.png,/Users/kim.kkun/Projects/김꾼_영상보관/2026-09-19_owner-emotions/02_AI편집/v002-export-109.7.png,517027,325ccd362714d00a4f4772842bb401172e4b21ba2a68c5fc56a7ddf196d56b48,1
편집 작업 생성물,02_작업자료/copy_1903E635-6CBB-458F-92B5-1BCF30A122D9 2-40s.png,/Users/kim.kkun/Projects/김꾼_영상보관/2026-09-19_owner-emotions/02_AI편집/copy_1903E635-6CBB-458F-92B5-1BCF30A122D9 2-40s.png,252809,2d08d7831470bd1ed1fef0ea73c6428453fe6e8a24a953de96e38cc0208ac900,1
편집 작업 생성물,02_작업자료/v002-verification.json,/Users/kim.kkun/Projects/김꾼_영상보관/2026-09-19_owner-emotions/02_AI편집/v002-verification.json,518,04e8244ecfa224369d0b061b16f91ff56fddac28d898d8ebd052a182e77fed4c,1
편집 작업 생성물,02_작업자료/copy_1903E635-6CBB-458F-92B5-1BCF30A122D9 2-2s.png,/Users/kim.kkun/Projects/김꾼_영상보관/2026-09-19_owner-emotions/02_AI편집/copy_1903E635-6CBB-458F-92B5-1BCF30A122D9 2-2s.png,234973,80d01bc650cb99b20699e7d97bd451efc455434e1e85c8fc0eafeec1b6984b28,1
편집 작업 생성물,02_작업자료/ScreenRecording_09-19-2026 12-14-42_1-8s.png,/Users/kim.kkun/Projects/김꾼_영상보관/2026-09-19_owner-emotions/02_AI편집/ScreenRecording_09-19-2026 12-14-42_1-8s.png,43874,48567e7f2f8b4cf4595754e17d0af14cdf85bc03dd9bd7e86a63bf5e3150a789,1
편집 작업 생성물,02_작업자료/v002-bundle-manifest.json,/Users/kim.kkun/Projects/김꾼_영상보관/2026-09-19_owner-emotions/02_AI편집/v002-bundle-manifest.json,24435,d7b44378b1b99bdc9f154863587169bc6cebea6b845a28f403d41245eb77a7a9,1
편집 작업 생성물,02_작업자료/_talkv_dJMcbtDblli_wEmEsqdvq05akIWk4b16nK_talkv_high 2-15s.png,/Users/kim.kkun/Projects/김꾼_영상보관/2026-09-19_owner-emotions/02_AI편집/_talkv_dJMcbtDblli_wEmEsqdvq05akIWk4b16nK_talkv_high 2-15s.png,86760,7342e7334c997fb39459049f1ac1b99fb138ef5c205ed76342a0c3c136157344,1
편집 작업 생성물,02_작업자료/cut-audio-preview.npy,/Users/kim.kkun/Projects/김꾼_영상보관/2026-09-19_owner-emotions/02_AI편집/cut-audio-preview.npy,7108392,edad6adb6d03ce8ddfec3155e3706a7c0c14dc865d239be3e745c8c9e4cc44c5,1
편집 작업 생성물,02_작업자료/export-75.png,/Users/kim.kkun/Projects/김꾼_영상보관/2026-09-19_owner-emotions/02_AI편집/export-75.png,219899,a7dfe76d93e64bea6984cc4804d30dd7e807f9928f2599b3f469442d3a910011,1
편집 작업 생성물,02_작업자료/verify-export.py,/Users/kim.kkun/Projects/김꾼_영상보관/2026-09-19_owner-emotions/02_AI편집/verify-export.py,1988,35d649aea19faafbd2a182e6bc77b9c9ab1b5a7f916c03e4de25adc09ac7ea42,1
편집 작업 생성물,02_작업자료/verify-export-v002.py,/Users/kim.kkun/Projects/김꾼_영상보관/2026-09-19_owner-emotions/02_AI편집/verify-export-v002.py,2020,0094a242494a00eb608455fffb34a3e2e1b9711e55c4b1765d2f32030de00c76,1
편집 작업 생성물,02_작업자료/v002-export-8.png,/Users/kim.kkun/Projects/김꾼_영상보관/2026-09-19_owner-emotions/02_AI편집/v002-export-8.png,593444,581937a082ddfb3da72f2124e64b5740fb11704c0dd284bcbd5731cd812c16a6,1
편집 작업 생성물,02_작업자료/thumbnail-v001.png,/Users/kim.kkun/Projects/김꾼_영상보관/2026-09-19_owner-emotions/02_AI편집/thumbnail-v001.png,2685341,44a7fd2d4b4ea189f74437d1a7e731a5c931163da8fb86c5e076c96c04280575,1
편집 작업 생성물,02_작업자료/export-0.6.png,/Users/kim.kkun/Projects/김꾼_영상보관/2026-09-19_owner-emotions/02_AI편집/export-0.6.png,547032,6964386d68bb09fecb9b541dd37b7e128ec459a9db2cccdf87e884dba3f2671a,1
편집 작업 생성물,01_전달본/thumbnail-v002.png,/Users/kim.kkun/Projects/김꾼_영상보관/2026-09-19_owner-emotions/02_AI편집/thumbnail-v002.png,2683010,b99fb88d6f87545a2973b190c5bc193f689030fc15d9f7f151554d85432c1b2e,1
편집 작업 생성물,02_작업자료/localize-project.py,/Users/kim.kkun/Projects/김꾼_영상보관/2026-09-19_owner-emotions/02_AI편집/localize-project.py,1183,1dde3e63f83fda0fbc9197a36480fc622073d37de9906e1196371754d80374ce,1
편집 작업 생성물,02_작업자료/caption-source.txt,/Users/kim.kkun/Projects/김꾼_영상보관/2026-09-19_owner-emotions/02_AI편집/caption-source.txt,2905,21e8f05b25f5786e8abd821e5602159cdc9346bf5b88ceb3a6accec8515475db,1
편집 작업 생성물,02_작업자료/ScreenRecording_09-19-2026 12-14-42_1-2s.png,/Users/kim.kkun/Projects/김꾼_영상보관/2026-09-19_owner-emotions/02_AI편집/ScreenRecording_09-19-2026 12-14-42_1-2s.png,138341,e1c00e79bdbba3c2665200e02d9034f3ace5a25c9fc2d387a0dc1e888c4393aa,1
편집 작업 생성물,02_작업자료/copy_1903E635-6CBB-458F-92B5-1BCF30A122D9 2-100s.png,/Users/kim.kkun/Projects/김꾼_영상보관/2026-09-19_owner-emotions/02_AI편집/copy_1903E635-6CBB-458F-92B5-1BCF30A122D9 2-100s.png,253491,517c28751f451d4a93c5c8bd51ea5f5b0eb6ebd6d769f427eac07a7aaf99e753,1
편집 작업 생성물,02_작업자료/seed-original.py,/Users/kim.kkun/Projects/김꾼_영상보관/2026-09-19_owner-emotions/02_AI편집/seed-original.py,1452,d0fa3c1d748562499ce3c4215a39c5330bcf1d70100420ff3a7075ec96c04e80,1
편집 작업 생성물,02_작업자료/export-43.9.png,/Users/kim.kkun/Projects/김꾼_영상보관/2026-09-19_owner-emotions/02_AI편집/export-43.9.png,532104,dca5a0e89a956ab5a2e7285c4231298c44179dfcbc7f0dff9e1e77ca6ad23e6a,1
편집 작업 생성물,02_작업자료/v002-export-audio.npy,/Users/kim.kkun/Projects/김꾼_영상보관/2026-09-19_owner-emotions/02_AI편집/v002-export-audio.npy,7112492,01d1235b0f950f727accf1752d1b7b75f8a6bca28046b4f9c0933aa82392f480,2
편집 작업 생성물,02_작업자료/export-2.2.png,/Users/kim.kkun/Projects/김꾼_영상보관/2026-09-19_owner-emotions/02_AI편집/export-2.2.png,544917,6208520b6a897e1004105174a20517462d5fd0d42068e7a4d0280f38cfc3b7f4,1
편집 작업 생성물,01_전달본/2026-09-19_owner-emotions_v002.mov,/Users/kim.kkun/Projects/김꾼_영상보관/2026-09-19_owner-emotions/02_AI편집/2026-09-19_owner-emotions_v002.mov,201433405,85c2a7b1f61cf450254a3934060aa5ad6e8007cb21c19548071c9dde8021f3c5,3
편집 작업 생성물,02_작업자료/source-audio.npy,/Users/kim.kkun/Projects/김꾼_영상보관/2026-09-19_owner-emotions/02_AI편집/source-audio.npy,13304884,619f9802422d48bc436b85f6f256598390f17b2323413e762d3600e53e2172f3,1
편집 작업 생성물,02_작업자료/v001-before-localize.zip,/Users/kim.kkun/Projects/김꾼_영상보관/2026-09-19_owner-emotions/02_AI편집/v001-before-localize.zip,298890,fe1991a71d173a0aa335e93e4aec09e9fb95bb160aee2e9ee874ec308e8b26f9,1
편집 작업 생성물,02_작업자료/v001-prepared-captions.srt,/Users/kim.kkun/Projects/김꾼_영상보관/2026-09-19_owner-emotions/02_AI편집/v001-prepared-captions.srt,4857,22922943e5338a9109bf03eaefafefd28c83d2faf0ce3d29e1b491ad22d21e0e,1
편집 작업 생성물,02_작업자료/analyze.py,/Users/kim.kkun/Projects/김꾼_영상보관/2026-09-19_owner-emotions/02_AI편집/analyze.py,2178,aa727720b74ce58f963ed21bae08dbb0e9919f7411fa9f19ae8f1a57eb93638c,1
편집 작업 생성물,02_작업자료/v002-applied-content.json,/Users/kim.kkun/Projects/김꾼_영상보관/2026-09-19_owner-emotions/02_AI편집/v002-applied-content.json,1272477,faac5d3c1122379a909810f4380cb8a32223ec06921110156642c0a500df3104,3
편집 작업 생성물,02_작업자료/2026-09-19_owner-emotions_v001.mov,/Users/kim.kkun/Projects/김꾼_영상보관/2026-09-19_owner-emotions/02_AI편집/2026-09-19_owner-emotions_v001.mov,201446319,c0af2ef3f2526aeb9cae54d0c7fe9f261a2ba0012082ad5bb5e11f68d381fc50,3
편집 작업 생성물,02_작업자료/v001-verification.json,/Users/kim.kkun/Projects/김꾼_영상보관/2026-09-19_owner-emotions/02_AI편집/v001-verification.json,406,8fde6c0a15774baa6dafb7ed495cb42e1d63363a06da39a134d5effd0dfaf622,1
편집 작업 생성물,02_작업자료/ui-action.js,/Users/kim.kkun/Projects/김꾼_영상보관/2026-09-19_owner-emotions/02_AI편집/ui-action.js,619,b9992ac961df0332ddf05a72b549aea5b5bba2a47ea614932543dca4a7ec8409,1
편집 리소스 사본,08_참고리소스/cache/music/bfa290bd0ef51bcc6a62d8a80e40e5a0.mp3,/Users/kim.kkun/Projects/김꾼_영상보관/2026-09-19_owner-emotions/02_AI편집/resources/cache/music/bfa290bd0ef51bcc6a62d8a80e40e5a0.mp3,44682,1d2094515839d902bd74684a535eed1907df541b2be1ee76910218c2fb23ffdb,3
편집 리소스 사본,08_참고리소스/cache/music/094d89a171a8b6394b503fcdbb196205.mp3,/Users/kim.kkun/Projects/김꾼_영상보관/2026-09-19_owner-emotions/02_AI편집/resources/cache/music/094d89a171a8b6394b503fcdbb196205.mp3,23278,18c4fdf01e1ff39bf732b7a8ce1b3bbe07e5a4630c11589d592842d2955401ea,3
편집 리소스 사본,08_참고리소스/cache/music/33f11a55221681b3fefec3346290169e.mp3,/Users/kim.kkun/Projects/김꾼_영상보관/2026-09-19_owner-emotions/02_AI편집/resources/cache/music/33f11a55221681b3fefec3346290169e.mp3,15767,7ba9bfdf4fabcbf5403f83ee237181724ab5924c8862b240a096627e6167321d,3
편집 리소스 사본,08_참고리소스/cache/music/5fa16f0f0a34e80caf6771e0f20bea92.beat,/Users/kim.kkun/Projects/김꾼_영상보관/2026-09-19_owner-emotions/02_AI편집/resources/cache/music/5fa16f0f0a34e80caf6771e0f20bea92.beat,46,f0197de53fea1a5d78974166675880e24b1aee5090d66d9e1f33eebfe1f9fd6c,2
편집 리소스 사본,08_참고리소스/cache/music/b3ab839fb6a9ecb206a6e784ddfc8952.beat,/Users/kim.kkun/Projects/김꾼_영상보관/2026-09-19_owner-emotions/02_AI편집/resources/cache/music/b3ab839fb6a9ecb206a6e784ddfc8952.beat,45,3ced2507105483c015586aa1b15b25c77beea68f5c7adf81b6a8aeaa426b7221,2
편집 리소스 사본,08_참고리소스/cache/music/1e0a94ef357f549c8b7eff9c6dbfbf89.beat,/Users/kim.kkun/Projects/김꾼_영상보관/2026-09-19_owner-emotions/02_AI편집/resources/cache/music/1e0a94ef357f549c8b7eff9c6dbfbf89.beat,45,a6b3b194f6563a8d3b69f728e5d7b8f4f51155623d7db13941e33b65ee22ad50,2
편집 리소스 사본,08_참고리소스/cache/effect/7582977477643881781/872ed81e9005b4c1197099dfdc77a148/config.json,/Users/kim.kkun/Projects/김꾼_영상보관/2026-09-19_owner-emotions/02_AI편집/resources/cache/effect/7582977477643881781/872ed81e9005b4c1197099dfdc77a148/config.json,171,00d7cb28610858390a79626ba4b9a05868e57bd5965878bada6ed16f37d21c4f,2
편집 리소스 사본,08_참고리소스/cache/effect/7582977477643881781/872ed81e9005b4c1197099dfdc77a148/cover_icon.png,/Users/kim.kkun/Projects/김꾼_영상보관/2026-09-19_owner-emotions/02_AI편집/resources/cache/effect/7582977477643881781/872ed81e9005b4c1197099dfdc77a148/cover_icon.png,28918,3b0d3ccc342221b713a76507fd744afedc8aafed2ccd563b9096376f228b5872,2
편집 리소스 사본,08_참고리소스/cache/effect/7582977477643881781/872ed81e9005b4c1197099dfdc77a148/effectStyle.json,/Users/kim.kkun/Projects/김꾼_영상보관/2026-09-19_owner-emotions/02_AI편집/resources/cache/effect/7582977477643881781/872ed81e9005b4c1197099dfdc77a148/effectStyle.json,9291,fd8154c77e8c54663658d694d9ae6d34bf46763c1cbb2daf1422745f3303ae78,2
편집 리소스 사본,08_참고리소스/cache/effect/7582977477643881781/872ed81e9005b4c1197099dfdc77a148/1765558030939.png,/Users/kim.kkun/Projects/김꾼_영상보관/2026-09-19_owner-emotions/02_AI편집/resources/cache/effect/7582977477643881781/872ed81e9005b4c1197099dfdc77a148/1765558030939.png,41611,6ef80e98280a993de3e1bd8ed688d995777aa2db9501d05d657c023daa81453c,2
편집 리소스 사본,08_참고리소스/cache/effect/7582977477643881781/872ed81e9005b4c1197099dfdc77a148/1764831604602.png,/Users/kim.kkun/Projects/김꾼_영상보관/2026-09-19_owner-emotions/02_AI편집/resources/cache/effect/7582977477643881781/872ed81e9005b4c1197099dfdc77a148/1764831604602.png,49921,8b626ec199584eeca25fef362e09813ddf47765088c5637445dba4000ced239a,2
편집 리소스 사본,08_참고리소스/cache/effect/7592008738001734919/55e2e4622ee55fcf8c5d152d5fe1b918/config.json,/Users/kim.kkun/Projects/김꾼_영상보관/2026-09-19_owner-emotions/02_AI편집/resources/cache/effect/7592008738001734919/55e2e4622ee55fcf8c5d152d5fe1b918/config.json,171,e8b2d01e47a0c13ba8a7d7b5eeb640460ab570c20b5f78ef0bec43a0e881abbf,2
편집 리소스 사본,08_참고리소스/cache/effect/7592008738001734919/55e2e4622ee55fcf8c5d152d5fe1b918/cover_icon.png,/Users/kim.kkun/Projects/김꾼_영상보관/2026-09-19_owner-emotions/02_AI편집/resources/cache/effect/7592008738001734919/55e2e4622ee55fcf8c5d152d5fe1b918/cover_icon.png,11505,615f8c7801379293098514637132954a6ca3445a47434b79df6d463c1576cfdb,2
편집 리소스 사본,08_참고리소스/cache/effect/7592008738001734919/55e2e4622ee55fcf8c5d152d5fe1b918/1767652329688.png,/Users/kim.kkun/Projects/김꾼_영상보관/2026-09-19_owner-emotions/02_AI편집/resources/cache/effect/7592008738001734919/55e2e4622ee55fcf8c5d152d5fe1b918/1767652329688.png,12860,7b6c195bc01c4134d8df5f1c2a0894ced7663b80a0d3c62e2d5b9498b12bdd73,2
편집 리소스 사본,08_참고리소스/cache/effect/7592008738001734919/55e2e4622ee55fcf8c5d152d5fe1b918/effectStyle.json,/Users/kim.kkun/Projects/김꾼_영상보관/2026-09-19_owner-emotions/02_AI편집/resources/cache/effect/7592008738001734919/55e2e4622ee55fcf8c5d152d5fe1b918/effectStyle.json,2089,4a970db166296b360ab78b328083ac2f98feb3f0c3419db02a45c14791e8a768,2
편집 리소스 사본,08_참고리소스/cache/effect/6808056385679397389/046f11d9049144aa80e3723b5ed93b7a/DoHyeon-Regular.ttf,/Users/kim.kkun/Projects/김꾼_영상보관/2026-09-19_owner-emotions/02_AI편집/resources/cache/effect/6808056385679397389/046f11d9049144aa80e3723b5ed93b7a/DoHyeon-Regular.ttf,858928,8ac6965d435d7179328d846ba1156785de4c38c530624c156ccde1b6ecd6b9b4,2
편집 리소스 사본,08_참고리소스/cache/effect/7587662647647014197/2e75410d22cb5b3f9acd522f212ddc83/config.json,/Users/kim.kkun/Projects/김꾼_영상보관/2026-09-19_owner-emotions/02_AI편집/resources/cache/effect/7587662647647014197/2e75410d22cb5b3f9acd522f212ddc83/config.json,171,ff8e7ce876a5c35ba9e095daa516abc73a4e02087bf86f64b980bde35e934582,2
편집 리소스 사본,08_참고리소스/cache/effect/7587662647647014197/2e75410d22cb5b3f9acd522f212ddc83/cover_icon.png,/Users/kim.kkun/Projects/김꾼_영상보관/2026-09-19_owner-emotions/02_AI편집/resources/cache/effect/7587662647647014197/2e75410d22cb5b3f9acd522f212ddc83/cover_icon.png,10581,a760409dc19a47cae346b4fea27f157e3f7243bc741673cf5360c311832be754,2
편집 리소스 사본,08_참고리소스/cache/effect/7587662647647014197/2e75410d22cb5b3f9acd522f212ddc83/1764920446189.png,/Users/kim.kkun/Projects/김꾼_영상보관/2026-09-19_owner-emotions/02_AI편집/resources/cache/effect/7587662647647014197/2e75410d22cb5b3f9acd522f212ddc83/1764920446189.png,19327,24d1d24819c62b6014f19efb8a33f7c1f88f0112f25ce4f32255cdd3a4e3be7d,2
편집 리소스 사본,08_참고리소스/cache/effect/7587662647647014197/2e75410d22cb5b3f9acd522f212ddc83/effectStyle.json,/Users/kim.kkun/Projects/김꾼_영상보관/2026-09-19_owner-emotions/02_AI편집/resources/cache/effect/7587662647647014197/2e75410d22cb5b3f9acd522f212ddc83/effectStyle.json,1524,3ad9eadbbe8829da50a5e0a503521c108d46c603434265eb51ccf1884ee2d2a4,2
편집 리소스 사본,08_참고리소스/cache/effect/7542715028181454097/e99175037af55a39de0cdbd5fe4af695/font.ttf,/Users/kim.kkun/Projects/김꾼_영상보관/2026-09-19_owner-emotions/02_AI편집/resources/cache/effect/7542715028181454097/e99175037af55a39de0cdbd5fe4af695/font.ttf,3251580,3c8d18ca5e1772f2de98e53d263b330e4d6164d5fc706622b3b18a9470de2f02,2
편집 리소스 사본,08_참고리소스/cache/effect/7602463191511108882/fed5c498e1e45a9d9ce87a0071a85428/config.json,/Users/kim.kkun/Projects/김꾼_영상보관/2026-09-19_owner-emotions/02_AI편집/resources/cache/effect/7602463191511108882/fed5c498e1e45a9d9ce87a0071a85428/config.json,177,e741da4734966e081e4ef5e92e36575ffbae25c48aee830645eb6a7bab20e116,2
편집 리소스 사본,08_참고리소스/cache/effect/7602463191511108882/fed5c498e1e45a9d9ce87a0071a85428/1770086210828.png,/Users/kim.kkun/Projects/김꾼_영상보관/2026-09-19_owner-emotions/02_AI편집/resources/cache/effect/7602463191511108882/fed5c498e1e45a9d9ce87a0071a85428/1770086210828.png,6317,5c92782acd378f2eaf48f940e68d2af89e4255f6497710eab0192681e97310a5,2
편집 리소스 사본,08_참고리소스/cache/effect/7602463191511108882/fed5c498e1e45a9d9ce87a0071a85428/cover_icon.png,/Users/kim.kkun/Projects/김꾼_영상보관/2026-09-19_owner-emotions/02_AI편집/resources/cache/effect/7602463191511108882/fed5c498e1e45a9d9ce87a0071a85428/cover_icon.png,7291,fdf42656e55b05bf7116219778096dd9ad161b987a8250eb5f0249568d3aab0d,2
편집 리소스 사본,08_참고리소스/cache/effect/7602463191511108882/fed5c498e1e45a9d9ce87a0071a85428/effectStyle.json,/Users/kim.kkun/Projects/김꾼_영상보관/2026-09-19_owner-emotions/02_AI편집/resources/cache/effect/7602463191511108882/fed5c498e1e45a9d9ce87a0071a85428/effectStyle.json,2209,b9981a73d48604b6dd5504dab38ef7714a74fd1024743e64c76f129d00b76b7a,2
편집 리소스 사본,08_참고리소스/cache/effect/6724919382104871427/6ecc8fa1d956c3e14c84cdc0679982a9/LuaRTTI.MarkGen.lua,/Users/kim.kkun/Projects/김꾼_영상보관/2026-09-19_owner-emotions/02_AI편집/resources/cache/effect/6724919382104871427/6ecc8fa1d956c3e14c84cdc0679982a9/LuaRTTI.MarkGen.lua,318,cee25003c4a20300db2b4502b2c9f42e0ab95a7837553fbaefb9e6e7b9320251,2
편집 리소스 사본,08_참고리소스/cache/effect/6724919382104871427/6ecc8fa1d956c3e14c84cdc0679982a9/content.json,/Users/kim.kkun/Projects/김꾼_영상보관/2026-09-19_owner-emotions/02_AI편집/resources/cache/effect/6724919382104871427/6ecc8fa1d956c3e14c84cdc0679982a9/content.json,180,d477770123248886847be136ae6a40bd6402c96019ae8c10239859effef941ac,2
편집 리소스 사본,08_참고리소스/cache/effect/6724919382104871427/6ecc8fa1d956c3e14c84cdc0679982a9/lua-meta.json,/Users/kim.kkun/Projects/김꾼_영상보관/2026-09-19_owner-emotions/02_AI편집/resources/cache/effect/6724919382104871427/6ecc8fa1d956c3e14c84cdc0679982a9/lua-meta.json,3999,05b853de94bc74b2d83e84c419090052771379c1d1e3cb74a5e8b264519dcfec,2
편집 리소스 사본,08_참고리소스/cache/effect/6724919382104871427/6ecc8fa1d956c3e14c84cdc0679982a9/js-meta.json,/Users/kim.kkun/Projects/김꾼_영상보관/2026-09-19_owner-emotions/02_AI편집/resources/cache/effect/6724919382104871427/6ecc8fa1d956c3e14c84cdc0679982a9/js-meta.json,2,4f53cda18c2baa0c0354bb5f9a3ecbe5ed12ab4d8e11ba873c2f11161202b945,2
편집 리소스 사본,08_참고리소스/cache/effect/6724919382104871427/6ecc8fa1d956c3e14c84cdc0679982a9/algorithmConfig.json,/Users/kim.kkun/Projects/김꾼_영상보관/2026-09-19_owner-emotions/02_AI편집/resources/cache/effect/6724919382104871427/6ecc8fa1d956c3e14c84cdc0679982a9/algorithmConfig.json,365,a8a1736b9bde295deef9c44c8b1580499150b5ed74508de38e23a16023576737,2
편집 리소스 사본,08_참고리소스/cache/effect/6724919382104871427/6ecc8fa1d956c3e14c84cdc0679982a9/sticker.config,/Users/kim.kkun/Projects/김꾼_영상보관/2026-09-19_owner-emotions/02_AI편집/resources/cache/effect/6724919382104871427/6ecc8fa1d956c3e14c84cdc0679982a9/sticker.config,295,c7993588b4310dfa49f7f3fecdef5b22f1b24e19c67e502dc65ace089fcd934f,2
편집 리소스 사본,08_참고리소스/cache/effect/6724919382104871427/6ecc8fa1d956c3e14c84cdc0679982a9/config.json,/Users/kim.kkun/Projects/김꾼_영상보관/2026-09-19_owner-emotions/02_AI편집/resources/cache/effect/6724919382104871427/6ecc8fa1d956c3e14c84cdc0679982a9/config.json,191,de5c2942b2e6a03f19a3071fb83e6c6c9b9ead824748f53cc7e3275742bfa81e,2
편집 리소스 사본,08_참고리소스/cache/effect/6724919382104871427/6ecc8fa1d956c3e14c84cdc0679982a9/extra.json,/Users/kim.kkun/Projects/김꾼_영상보관/2026-09-19_owner-emotions/02_AI편집/resources/cache/effect/6724919382104871427/6ecc8fa1d956c3e14c84cdc0679982a9/extra.json,277,1158a7f1df19017eac874891bc09110acb439ff6cb006357ac41287a5dcbec92,2
편집 리소스 사본,08_참고리소스/cache/effect/6724919382104871427/6ecc8fa1d956c3e14c84cdc0679982a9/main.scene,/Users/kim.kkun/Projects/김꾼_영상보관/2026-09-19_owner-emotions/02_AI편집/resources/cache/effect/6724919382104871427/6ecc8fa1d956c3e14c84cdc0679982a9/main.scene,3707,d5c465300865e5d1651943151ab1be9bbf5b0d83402741faf74a45bbc94a81f8,2
편집 리소스 사본,08_참고리소스/cache/effect/6724919382104871427/6ecc8fa1d956c3e14c84cdc0679982a9/prefabs/anim.prefab,/Users/kim.kkun/Projects/김꾼_영상보관/2026-09-19_owner-emotions/02_AI편집/resources/cache/effect/6724919382104871427/6ecc8fa1d956c3e14c84cdc0679982a9/prefabs/anim.prefab,498,6cca1fca133c482c1423eedc517ba8c5f2d5f283e6a1a157f83b6b38a3e26f1f,2
편집 리소스 사본,08_참고리소스/cache/effect/6724919382104871427/6ecc8fa1d956c3e14c84cdc0679982a9/rt/outputTex.rt,/Users/kim.kkun/Projects/김꾼_영상보관/2026-09-19_owner-emotions/02_AI편집/resources/cache/effect/6724919382104871427/6ecc8fa1d956c3e14c84cdc0679982a9/rt/outputTex.rt,567,67301e61a2c3b58c2e64fc12c6f8061f7a41a2b09de5952a21f017ff0839fc1e,2
편집 리소스 사본,08_참고리소스/cache/effect/6724919382104871427/6ecc8fa1d956c3e14c84cdc0679982a9/lua/TextAnim.lua,/Users/kim.kkun/Projects/김꾼_영상보관/2026-09-19_owner-emotions/02_AI편집/resources/cache/effect/6724919382104871427/6ecc8fa1d956c3e14c84cdc0679982a9/lua/TextAnim.lua,14094,f00df3996ec871dc4e3db2d8cb1126db8a1b0b03718ad2fe33b24f59e56b63bf,2
편집 리소스 사본,08_참고리소스/cache/effect/6724919382104871427/6ecc8fa1d956c3e14c84cdc0679982a9/lua/src/AE.lua,/Users/kim.kkun/Projects/김꾼_영상보관/2026-09-19_owner-emotions/02_AI편집/resources/cache/effect/6724919382104871427/6ecc8fa1d956c3e14c84cdc0679982a9/lua/src/AE.lua,1926,cfba5a81d54a0b631c2764cea011a2255b08d38a7a16266c0e29747e6798bdc6,2
편집 리소스 사본,08_참고리소스/cache/effect/6724919382104871427/6ecc8fa1d956c3e14c84cdc0679982a9/lua/src/AEAdapter.lua,/Users/kim.kkun/Projects/김꾼_영상보관/2026-09-19_owner-emotions/02_AI편집/resources/cache/effect/6724919382104871427/6ecc8fa1d956c3e14c84cdc0679982a9/lua/src/AEAdapter.lua,3192,62fd608db96e0be1312b212c99ec707faf996c4374cec786d5d662412b031b9b,2
편집 리소스 사본,08_참고리소스/cache/effect/6724919382104871427/6ecc8fa1d956c3e14c84cdc0679982a9/lua/src/Main.lua,/Users/kim.kkun/Projects/김꾼_영상보관/2026-09-19_owner-emotions/02_AI편집/resources/cache/effect/6724919382104871427/6ecc8fa1d956c3e14c84cdc0679982a9/lua/src/Main.lua,1707,19729b2d5b726d0a1347cd48a52e9d3f12dc5ebcc59fafeb025837fd6457f102,2
편집 리소스 사본,08_참고리소스/cache/effect/6724919382104871427/6ecc8fa1d956c3e14c84cdc0679982a9/lua/src/TextEntry.lua,/Users/kim.kkun/Projects/김꾼_영상보관/2026-09-19_owner-emotions/02_AI편집/resources/cache/effect/6724919382104871427/6ecc8fa1d956c3e14c84cdc0679982a9/lua/src/TextEntry.lua,6632,3c866263bd3b049c720deecfd755adb51b71fa74158826d8df3d697294416531,2
편집 리소스 사본,08_참고리소스/cache/effect/6724919382104871427/6ecc8fa1d956c3e14c84cdc0679982a9/lua/src/Utils.lua,/Users/kim.kkun/Projects/김꾼_영상보관/2026-09-19_owner-emotions/02_AI편집/resources/cache/effect/6724919382104871427/6ecc8fa1d956c3e14c84cdc0679982a9/lua/src/Utils.lua,5478,e3b5a7984e5a00a36215022c7505f373b3725b305a4806a7971d7f067dff6f0c,2
편집 리소스 사본,08_참고리소스/cache/effect/6724919382104871427/6ecc8fa1d956c3e14c84cdc0679982a9/lua/src/AETools.lua,/Users/kim.kkun/Projects/김꾼_영상보관/2026-09-19_owner-emotions/02_AI편집/resources/cache/effect/6724919382104871427/6ecc8fa1d956c3e14c84cdc0679982a9/lua/src/AETools.lua,3129,f6937b5340c33f348ac9212174125694ac55545e256ecdc04245e53fe9248be4,2
편집 리소스 사본,08_참고리소스/cache/effect/7564674095921515777/d46a86be6aaad0a85c65833f067d6068/local_FE175CB1-1914-4FAC-BC18-5E002AE87FF5.png,/Users/kim.kkun/Projects/김꾼_영상보관/2026-09-19_owner-emotions/02_AI편집/resources/cache/effect/7564674095921515777/d46a86be6aaad0a85c65833f067d6068/local_FE175CB1-1914-4FAC-BC18-5E002AE87FF5.png,533227,19046a4f69b21c2ca6bc0857a9454d4fc4d9b8cc4aa60ccdb8b70847fc2d8414,2
편집 리소스 사본,08_참고리소스/cache/effect/7564674095921515777/d46a86be6aaad0a85c65833f067d6068/config.json,/Users/kim.kkun/Projects/김꾼_영상보관/2026-09-19_owner-emotions/02_AI편집/resources/cache/effect/7564674095921515777/d46a86be6aaad0a85c65833f067d6068/config.json,171,1931480e3011df6f93cacc940a84c052200adfd90c4416cd3590ff0f964fc2fa,2
편집 리소스 사본,08_참고리소스/cache/effect/7564674095921515777/d46a86be6aaad0a85c65833f067d6068/effectStyle.json,/Users/kim.kkun/Projects/김꾼_영상보관/2026-09-19_owner-emotions/02_AI편집/resources/cache/effect/7564674095921515777/d46a86be6aaad0a85c65833f067d6068/effectStyle.json,1497,b39e483e5a453b1ef466098e69634a7739a8c233548ab7beb4c3dc57d5317269,2
편집 리소스 사본,08_참고리소스/cache/artistEffect/7467524331845815605/2b3a48ef9d74e22ce862d2a5eebb10e9/config.json,/Users/kim.kkun/Projects/김꾼_영상보관/2026-09-19_owner-emotions/02_AI편집/resources/cache/artistEffect/7467524331845815605/2b3a48ef9d74e22ce862d2a5eebb10e9/config.json,139,d30571859bef439591829a6664f234619e18f09344562f752c50065bc65a6ad9,26
편집 리소스 사본,08_참고리소스/cache/artistEffect/7467524331845815605/2b3a48ef9d74e22ce862d2a5eebb10e9/final.gif,/Users/kim.kkun/Projects/김꾼_영상보관/2026-09-19_owner-emotions/02_AI편집/resources/cache/artistEffect/7467524331845815605/2b3a48ef9d74e22ce862d2a5eebb10e9/final.gif,37072,bb612c8e78afdf2d3c5488ef419a01f5bdf7ee020e0e08c61378ab5ed6b05a19,2
편집 리소스 사본,08_참고리소스/cache/artistEffect/7467524331845815605/2b3a48ef9d74e22ce862d2a5eebb10e9/heycanInfo.json,/Users/kim.kkun/Projects/김꾼_영상보관/2026-09-19_owner-emotions/02_AI편집/resources/cache/artistEffect/7467524331845815605/2b3a48ef9d74e22ce862d2a5eebb10e9/heycanInfo.json,110,c8a634165b49fac13eda9941fd4e6c0f0962e375fa581884664a02913a1cd2c4,4
편집 리소스 사본,08_참고리소스/cache/artistEffect/7484214195228101949/616180f6f9cd300856839cf254792f33/config.json,/Users/kim.kkun/Projects/김꾼_영상보관/2026-09-19_owner-emotions/02_AI편집/resources/cache/artistEffect/7484214195228101949/616180f6f9cd300856839cf254792f33/config.json,139,d30571859bef439591829a6664f234619e18f09344562f752c50065bc65a6ad9,26
편집 리소스 사본,08_참고리소스/cache/artistEffect/7484214195228101949/616180f6f9cd300856839cf254792f33/final.gif,/Users/kim.kkun/Projects/김꾼_영상보관/2026-09-19_owner-emotions/02_AI편집/resources/cache/artistEffect/7484214195228101949/616180f6f9cd300856839cf254792f33/final.gif,44106,44b468a932862898c1633feccec405da85b15e0df7e9650c2a0f331d5b4dea3c,2
편집 리소스 사본,08_참고리소스/cache/artistEffect/7484214195228101949/616180f6f9cd300856839cf254792f33/heycanInfo.json,/Users/kim.kkun/Projects/김꾼_영상보관/2026-09-19_owner-emotions/02_AI편집/resources/cache/artistEffect/7484214195228101949/616180f6f9cd300856839cf254792f33/heycanInfo.json,110,c8a634165b49fac13eda9941fd4e6c0f0962e375fa581884664a02913a1cd2c4,4
편집 리소스 사본,08_참고리소스/cache/artistEffect/7566683537319988533/df377043031b2c6c77ef865ebc16904f/config.json,/Users/kim.kkun/Projects/김꾼_영상보관/2026-09-19_owner-emotions/02_AI편집/resources/cache/artistEffect/7566683537319988533/df377043031b2c6c77ef865ebc16904f/config.json,139,d30571859bef439591829a6664f234619e18f09344562f752c50065bc65a6ad9,26
편집 리소스 사본,08_참고리소스/cache/artistEffect/7566683537319988533/df377043031b2c6c77ef865ebc16904f/final.gif,/Users/kim.kkun/Projects/김꾼_영상보관/2026-09-19_owner-emotions/02_AI편집/resources/cache/artistEffect/7566683537319988533/df377043031b2c6c77ef865ebc16904f/final.gif,717231,6be3647d32637e00680dc7ca174518338bf348938342125031bd50bd32adc896,2
편집 리소스 사본,08_참고리소스/cache/artistEffect/7566683537319988533/df377043031b2c6c77ef865ebc16904f/heycanInfo.json,/Users/kim.kkun/Projects/김꾼_영상보관/2026-09-19_owner-emotions/02_AI편집/resources/cache/artistEffect/7566683537319988533/df377043031b2c6c77ef865ebc16904f/heycanInfo.json,112,b2f5ac88439334882a85f9fcad4901ea59d1d074e9a5d0b92276281d544d4fc6,6
편집 리소스 사본,08_참고리소스/cache/artistEffect/7498829900070014261/07e3b4ce43a34b327604984e70c82a13/config.json,/Users/kim.kkun/Projects/김꾼_영상보관/2026-09-19_owner-emotions/02_AI편집/resources/cache/artistEffect/7498829900070014261/07e3b4ce43a34b327604984e70c82a13/config.json,139,d30571859bef439591829a6664f234619e18f09344562f752c50065bc65a6ad9,26
편집 리소스 사본,08_참고리소스/cache/artistEffect/7498829900070014261/07e3b4ce43a34b327604984e70c82a13/final.gif,/Users/kim.kkun/Projects/김꾼_영상보관/2026-09-19_owner-emotions/02_AI편집/resources/cache/artistEffect/7498829900070014261/07e3b4ce43a34b327604984e70c82a13/final.gif,105762,dba72495225403fd7127657629c4930ff98b0c88dd51bd6115f4f2e060c6c5a7,2
편집 리소스 사본,08_참고리소스/cache/artistEffect/7498829900070014261/07e3b4ce43a34b327604984e70c82a13/heycanInfo.json,/Users/kim.kkun/Projects/김꾼_영상보관/2026-09-19_owner-emotions/02_AI편집/resources/cache/artistEffect/7498829900070014261/07e3b4ce43a34b327604984e70c82a13/heycanInfo.json,111,8c62cc8137201f73ffd38c4fe0d8e516541c905a0ed2daa6e0227a46f1c8e66b,2
편집 리소스 사본,08_참고리소스/cache/artistEffect/7109128676712795419/9b3ca51484478a37ac227b8d5000f80c/config.json,/Users/kim.kkun/Projects/김꾼_영상보관/2026-09-19_owner-emotions/02_AI편집/resources/cache/artistEffect/7109128676712795419/9b3ca51484478a37ac227b8d5000f80c/config.json,139,d30571859bef439591829a6664f234619e18f09344562f752c50065bc65a6ad9,26
편집 리소스 사본,08_참고리소스/cache/artistEffect/7109128676712795419/9b3ca51484478a37ac227b8d5000f80c/final.gif,/Users/kim.kkun/Projects/김꾼_영상보관/2026-09-19_owner-emotions/02_AI편집/resources/cache/artistEffect/7109128676712795419/9b3ca51484478a37ac227b8d5000f80c/final.gif,17677,33aee06932644c487cfea4d8303bcb88495f753886f7af55a875abd32b3e32ac,2
편집 리소스 사본,08_참고리소스/cache/artistEffect/7109128676712795419/9b3ca51484478a37ac227b8d5000f80c/heycanInfo.json,/Users/kim.kkun/Projects/김꾼_영상보관/2026-09-19_owner-emotions/02_AI편집/resources/cache/artistEffect/7109128676712795419/9b3ca51484478a37ac227b8d5000f80c/heycanInfo.json,110,53f7ab1b45d644ec96db82b77b4ea439c89e70a76cb803ec79984da4d8ed0397,2
편집 리소스 사본,08_참고리소스/cache/artistEffect/7553619507328142645/c7399185425d1dd02719c0bda3641787/config.json,/Users/kim.kkun/Projects/김꾼_영상보관/2026-09-19_owner-emotions/02_AI편집/resources/cache/artistEffect/7553619507328142645/c7399185425d1dd02719c0bda3641787/config.json,139,d30571859bef439591829a6664f234619e18f09344562f752c50065bc65a6ad9,26
편집 리소스 사본,08_참고리소스/cache/artistEffect/7553619507328142645/c7399185425d1dd02719c0bda3641787/final.gif,/Users/kim.kkun/Projects/김꾼_영상보관/2026-09-19_owner-emotions/02_AI편집/resources/cache/artistEffect/7553619507328142645/c7399185425d1dd02719c0bda3641787/final.gif,26777,0c5cf948f1eea9bb01820a683b1276968c03674b43bb63f3df088b3188c20447,2
편집 리소스 사본,08_참고리소스/cache/artistEffect/7553619507328142645/c7399185425d1dd02719c0bda3641787/heycanInfo.json,/Users/kim.kkun/Projects/김꾼_영상보관/2026-09-19_owner-emotions/02_AI편집/resources/cache/artistEffect/7553619507328142645/c7399185425d1dd02719c0bda3641787/heycanInfo.json,110,c111fbb1e3030a0659ee69672f5a376cba6a7782cbbdebaf39a340f24c7c31e2,2
편집 리소스 사본,08_참고리소스/cache/artistEffect/7534626785766526269/64bc46568043b523f78c1f06ca0408e9/config.json,/Users/kim.kkun/Projects/김꾼_영상보관/2026-09-19_owner-emotions/02_AI편집/resources/cache/artistEffect/7534626785766526269/64bc46568043b523f78c1f06ca0408e9/config.json,139,d30571859bef439591829a6664f234619e18f09344562f752c50065bc65a6ad9,26
편집 리소스 사본,08_참고리소스/cache/artistEffect/7534626785766526269/64bc46568043b523f78c1f06ca0408e9/final.gif,/Users/kim.kkun/Projects/김꾼_영상보관/2026-09-19_owner-emotions/02_AI편집/resources/cache/artistEffect/7534626785766526269/64bc46568043b523f78c1f06ca0408e9/final.gif,1728464,00c5adf48b113395da0029a10d7647721544488da0e2f63712af8fafbd6035ab,2
편집 리소스 사본,08_참고리소스/cache/artistEffect/7534626785766526269/64bc46568043b523f78c1f06ca0408e9/heycanInfo.json,/Users/kim.kkun/Projects/김꾼_영상보관/2026-09-19_owner-emotions/02_AI편집/resources/cache/artistEffect/7534626785766526269/64bc46568043b523f78c1f06ca0408e9/heycanInfo.json,112,b2f5ac88439334882a85f9fcad4901ea59d1d074e9a5d0b92276281d544d4fc6,6
편집 리소스 사본,08_참고리소스/cache/artistEffect/7588342032289074485/7eebb345b65c7981ee83886cb67c8ef3/config.json,/Users/kim.kkun/Projects/김꾼_영상보관/2026-09-19_owner-emotions/02_AI편집/resources/cache/artistEffect/7588342032289074485/7eebb345b65c7981ee83886cb67c8ef3/config.json,139,d30571859bef439591829a6664f234619e18f09344562f752c50065bc65a6ad9,26
편집 리소스 사본,08_참고리소스/cache/artistEffect/7588342032289074485/7eebb345b65c7981ee83886cb67c8ef3/final.gif,/Users/kim.kkun/Projects/김꾼_영상보관/2026-09-19_owner-emotions/02_AI편집/resources/cache/artistEffect/7588342032289074485/7eebb345b65c7981ee83886cb67c8ef3/final.gif,2088355,99383acaec801b42e6f7ee3b28fce55c9cf021ae6e44f0cb1dc501682645e020,2
편집 리소스 사본,08_참고리소스/cache/artistEffect/7588342032289074485/7eebb345b65c7981ee83886cb67c8ef3/heycanInfo.json,/Users/kim.kkun/Projects/김꾼_영상보관/2026-09-19_owner-emotions/02_AI편집/resources/cache/artistEffect/7588342032289074485/7eebb345b65c7981ee83886cb67c8ef3/heycanInfo.json,112,8285d54bd8a14487ab1fb9533c27cb52373da815e06cae350d0e0aac41b39011,2
편집 리소스 사본,08_참고리소스/cache/artistEffect/7534626669542264117/782c511a7d694df5083d2cd7ba544b20/config.json,/Users/kim.kkun/Projects/김꾼_영상보관/2026-09-19_owner-emotions/02_AI편집/resources/cache/artistEffect/7534626669542264117/782c511a7d694df5083d2cd7ba544b20/config.json,139,d30571859bef439591829a6664f234619e18f09344562f752c50065bc65a6ad9,26
편집 리소스 사본,08_참고리소스/cache/artistEffect/7534626669542264117/782c511a7d694df5083d2cd7ba544b20/final.gif,/Users/kim.kkun/Projects/김꾼_영상보관/2026-09-19_owner-emotions/02_AI편집/resources/cache/artistEffect/7534626669542264117/782c511a7d694df5083d2cd7ba544b20/final.gif,1482370,3c22c17f0fa1fe386d64d839f0bc25263f4a8dac77d567f7ba5db7e684b6495c,2
편집 리소스 사본,08_참고리소스/cache/artistEffect/7534626669542264117/782c511a7d694df5083d2cd7ba544b20/heycanInfo.json,/Users/kim.kkun/Projects/김꾼_영상보관/2026-09-19_owner-emotions/02_AI편집/resources/cache/artistEffect/7534626669542264117/782c511a7d694df5083d2cd7ba544b20/heycanInfo.json,112,b2f5ac88439334882a85f9fcad4901ea59d1d074e9a5d0b92276281d544d4fc6,6
편집 리소스 사본,08_참고리소스/cache/artistEffect/7552875526218730805/b915a45d566b74442a332b2a83e7e47e/config.json,/Users/kim.kkun/Projects/김꾼_영상보관/2026-09-19_owner-emotions/02_AI편집/resources/cache/artistEffect/7552875526218730805/b915a45d566b74442a332b2a83e7e47e/config.json,139,d30571859bef439591829a6664f234619e18f09344562f752c50065bc65a6ad9,26
편집 리소스 사본,08_참고리소스/cache/artistEffect/7552875526218730805/b915a45d566b74442a332b2a83e7e47e/final.gif,/Users/kim.kkun/Projects/김꾼_영상보관/2026-09-19_owner-emotions/02_AI편집/resources/cache/artistEffect/7552875526218730805/b915a45d566b74442a332b2a83e7e47e/final.gif,1038237,0bf3f7840c8dd4b25ce7d204ecd3eb67189dca179e3cf2566404ae103a0c07bd,2
편집 리소스 사본,08_참고리소스/cache/artistEffect/7552875526218730805/b915a45d566b74442a332b2a83e7e47e/heycanInfo.json,/Users/kim.kkun/Projects/김꾼_영상보관/2026-09-19_owner-emotions/02_AI편집/resources/cache/artistEffect/7552875526218730805/b915a45d566b74442a332b2a83e7e47e/heycanInfo.json,111,9a21c02f3e03d472f0886929dcc811f993b2c82dbaafdec4d4b37840a7498b96,2
편집 리소스 사본,08_참고리소스/cache/artistEffect/7576514142979247413/b2c5283d0bc6d2d6eb839edec1f3a7bc/config.json,/Users/kim.kkun/Projects/김꾼_영상보관/2026-09-19_owner-emotions/02_AI편집/resources/cache/artistEffect/7576514142979247413/b2c5283d0bc6d2d6eb839edec1f3a7bc/config.json,139,d30571859bef439591829a6664f234619e18f09344562f752c50065bc65a6ad9,26
편집 리소스 사본,08_참고리소스/cache/artistEffect/7576514142979247413/b2c5283d0bc6d2d6eb839edec1f3a7bc/final.gif,/Users/kim.kkun/Projects/김꾼_영상보관/2026-09-19_owner-emotions/02_AI편집/resources/cache/artistEffect/7576514142979247413/b2c5283d0bc6d2d6eb839edec1f3a7bc/final.gif,378926,6bacae0cb5352346868952c1678270bc1402cfe9811a21b3bbde5c06f85d5f99,2
편집 리소스 사본,08_참고리소스/cache/artistEffect/7576514142979247413/b2c5283d0bc6d2d6eb839edec1f3a7bc/heycanInfo.json,/Users/kim.kkun/Projects/김꾼_영상보관/2026-09-19_owner-emotions/02_AI편집/resources/cache/artistEffect/7576514142979247413/b2c5283d0bc6d2d6eb839edec1f3a7bc/heycanInfo.json,111,1792206583222ff3bb522f68e4db495ccf067e0c8fe46750d177f66aa8c0f6e1,2
편집 리소스 사본,08_참고리소스/cache/artistEffect/7547828597868825909/48b657da2ed3a7fdaec3f97702378cac/config.json,/Users/kim.kkun/Projects/김꾼_영상보관/2026-09-19_owner-emotions/02_AI편집/resources/cache/artistEffect/7547828597868825909/48b657da2ed3a7fdaec3f97702378cac/config.json,139,d30571859bef439591829a6664f234619e18f09344562f752c50065bc65a6ad9,26
편집 리소스 사본,08_참고리소스/cache/artistEffect/7547828597868825909/48b657da2ed3a7fdaec3f97702378cac/final.gif,/Users/kim.kkun/Projects/김꾼_영상보관/2026-09-19_owner-emotions/02_AI편집/resources/cache/artistEffect/7547828597868825909/48b657da2ed3a7fdaec3f97702378cac/final.gif,29625,fcba79b68772e6bc0154d1bdf2154f9ee8fcf5723bbd506fe520d43190f1afaa,2
편집 리소스 사본,08_참고리소스/cache/artistEffect/7547828597868825909/48b657da2ed3a7fdaec3f97702378cac/heycanInfo.json,/Users/kim.kkun/Projects/김꾼_영상보관/2026-09-19_owner-emotions/02_AI편집/resources/cache/artistEffect/7547828597868825909/48b657da2ed3a7fdaec3f97702378cac/heycanInfo.json,111,4f357ac8723d48b8ef0194166de33bc2f51096d33c7cf1c5bca87e59f085b7e8,2
편집 리소스 사본,08_참고리소스/cache/artistEffect/7631905966182763793/15d9154e80b2438711703da69c96e078/config.json,/Users/kim.kkun/Projects/김꾼_영상보관/2026-09-19_owner-emotions/02_AI편집/resources/cache/artistEffect/7631905966182763793/15d9154e80b2438711703da69c96e078/config.json,139,d30571859bef439591829a6664f234619e18f09344562f752c50065bc65a6ad9,26
편집 리소스 사본,08_참고리소스/cache/artistEffect/7631905966182763793/15d9154e80b2438711703da69c96e078/final.gif,/Users/kim.kkun/Projects/김꾼_영상보관/2026-09-19_owner-emotions/02_AI편집/resources/cache/artistEffect/7631905966182763793/15d9154e80b2438711703da69c96e078/final.gif,907216,ecdaea86b5eddf196c87363e6279ade1dd43d1588e56373f8e188d2fb25fc857,2
편집 리소스 사본,08_참고리소스/cache/artistEffect/7631905966182763793/15d9154e80b2438711703da69c96e078/heycanInfo.json,/Users/kim.kkun/Projects/김꾼_영상보관/2026-09-19_owner-emotions/02_AI편집/resources/cache/artistEffect/7631905966182763793/15d9154e80b2438711703da69c96e078/heycanInfo.json,111,d5db0411ecd055ac27bb0dbf600a83a82c4709fdea52750497e10cd7bcd0613d,2
원본,03_촬영원본/ScreenRecording_09-19-2026 12-14-42_1.MP4,/Users/kim.kkun/Projects/김꾼_영상보관/2026-09-19_owner-emotions/01_원본/ScreenRecording_09-19-2026 12-14-42_1.MP4,46817471,4b8b0766d56ddfe950f0253c7012637517723296e504fbd05c13342f5cd99fe3,2
원본,03_촬영원본/_talkv_dJMcbtDblli_wEmEsqdvq05akIWk4b16nK_talkv_high 2.MP4,/Users/kim.kkun/Projects/김꾼_영상보관/2026-09-19_owner-emotions/01_원본/_talkv_dJMcbtDblli_wEmEsqdvq05akIWk4b16nK_talkv_high 2.MP4,7429305,207f1a0337f71277ba76fffb907bfbfc9b572f64ab582df734a61a17b52cf9e4,2
원본,03_촬영원본/copy_1903E635-6CBB-458F-92B5-1BCF30A122D9 2.MOV,/Users/kim.kkun/Projects/김꾼_영상보관/2026-09-19_owner-emotions/01_원본/copy_1903E635-6CBB-458F-92B5-1BCF30A122D9 2.MOV,293827340,ed0677b88f9e8c2282a062113a4ab0b81c9d2bfb7e467811f2fc0d27ab8b6f1a,2
원본,03_촬영원본/ZISO - The Nutcracker - ZISO Remix.mp3,/Users/kim.kkun/Projects/김꾼_영상보관/2026-09-19_owner-emotions/01_원본/ZISO - The Nutcracker - ZISO Remix.mp3,2347334,009c832f11c5894c6f6a2f677e0d4794aae1b568a2e221c566981021208fbf3f,1
CapCut 프로젝트,04_CapCut_프로젝트/0919/draft_virtual_store.json,/Users/kim.kkun/Movies/CapCut/User Data/Projects/com.lveditor.draft/0919/draft_virtual_store.json,489,f54e00dadb4ebe205bb662878fdf4a77986b22c725f46e4c1c477aa9899d5019,1
CapCut 프로젝트,04_CapCut_프로젝트/0919/.locked,/Users/kim.kkun/Movies/CapCut/User Data/Projects/com.lveditor.draft/0919/.locked,0,e3b0c44298fc1c149afbf4c8996fb92427ae41e4649b934ca495991b7852b855,2
CapCut 프로젝트,04_CapCut_프로젝트/0919/performance_opt_info.json,/Users/kim.kkun/Movies/CapCut/User Data/Projects/com.lveditor.draft/0919/performance_opt_info.json,71,22b9f1b911c55c0fc253ad95d07474133b8c03462157f19304114956ffe0e3fe,1
CapCut 프로젝트,04_CapCut_프로젝트/0919/draft.extra,/Users/kim.kkun/Movies/CapCut/User Data/Projects/com.lveditor.draft/0919/draft.extra,206288,6b1390c6cfb9bd558a77a983e45f08a40b966f915257b0c2d61143cec1bd4fc0,1
CapCut 프로젝트,04_CapCut_프로젝트/0919/draft_settings,/Users/kim.kkun/Movies/CapCut/User Data/Projects/com.lveditor.draft/0919/draft_settings,142,6251d0214a4c414bffccdea58696b65837d60d9f9aa0d61fd6b3dbb3e40c7529,1
CapCut 프로젝트,04_CapCut_프로젝트/0919/template.tmp,/Users/kim.kkun/Movies/CapCut/User Data/Projects/com.lveditor.draft/0919/template.tmp,1272477,faac5d3c1122379a909810f4380cb8a32223ec06921110156642c0a500df3104,3
CapCut 프로젝트,04_CapCut_프로젝트/0919/template-2.tmp,/Users/kim.kkun/Movies/CapCut/User Data/Projects/com.lveditor.draft/0919/template-2.tmp,1272517,f27941c5f8cd44380f0eeb06e55e93c5784a40d87ca25af7d7c33ade9ee12914,2
CapCut 프로젝트,04_CapCut_프로젝트/0919/draft_meta_info.json,/Users/kim.kkun/Movies/CapCut/User Data/Projects/com.lveditor.draft/0919/draft_meta_info.json,3568,61d8dcd37d7b0141ceb40aaa90e5b5f48ff7a12402e0898d77f4e9ba5700033e,1
CapCut 프로젝트,04_CapCut_프로젝트/0919/draft_info.json.bak,/Users/kim.kkun/Movies/CapCut/User Data/Projects/com.lveditor.draft/0919/draft_info.json.bak,1272477,faac5d3c1122379a909810f4380cb8a32223ec06921110156642c0a500df3104,3
CapCut 프로젝트,04_CapCut_프로젝트/0919/draft_biz_config.json,/Users/kim.kkun/Movies/CapCut/User Data/Projects/com.lveditor.draft/0919/draft_biz_config.json,0,e3b0c44298fc1c149afbf4c8996fb92427ae41e4649b934ca495991b7852b855,2
CapCut 프로젝트,04_CapCut_프로젝트/0919/timeline_layout.json,/Users/kim.kkun/Movies/CapCut/User Data/Projects/com.lveditor.draft/0919/timeline_layout.json,175,1baefa910596ff1288454ea832617accb623635ede8b9cee389e7dffcbd1c258,1
CapCut 프로젝트,04_CapCut_프로젝트/0919/draft_cover.jpg,/Users/kim.kkun/Movies/CapCut/User Data/Projects/com.lveditor.draft/0919/draft_cover.jpg,141499,f612034845441bacf10e9cee86b80a3a676ae6ef3e9d5c01346f189c266e53db,1
CapCut 프로젝트,04_CapCut_프로젝트/0919/attachment_editing.json,/Users/kim.kkun/Movies/CapCut/User Data/Projects/com.lveditor.draft/0919/attachment_editing.json,2126,3672a947bfde88bfcb47d081934c29acd46a73d3b9368e9d8bca87421e9d52d8,1
CapCut 프로젝트,04_CapCut_프로젝트/0919/key_value.json,/Users/kim.kkun/Movies/CapCut/User Data/Projects/com.lveditor.draft/0919/key_value.json,1630,c2069f8199d2e2661f1af757a34ee32f9d12ec2d13f4980a58062a0058245804,1
CapCut 프로젝트,04_CapCut_프로젝트/0919/draft_info.json,/Users/kim.kkun/Movies/CapCut/User Data/Projects/com.lveditor.draft/0919/draft_info.json,1272517,f27941c5f8cd44380f0eeb06e55e93c5784a40d87ca25af7d7c33ade9ee12914,2
CapCut 프로젝트,04_CapCut_프로젝트/0919/draft_agency_config.json,/Users/kim.kkun/Movies/CapCut/User Data/Projects/com.lveditor.draft/0919/draft_agency_config.json,154,6d3b0fba4c636fec9e1d3cb30cd1acefdbdacceed1bc96775b18c330cc768d22,1
CapCut 프로젝트,04_CapCut_프로젝트/0919/common_attachment/attachment_action_scene.json,/Users/kim.kkun/Movies/CapCut/User Data/Projects/com.lveditor.draft/0919/common_attachment/attachment_action_scene.json,60,701013486065b455fb107877f8e8d7523252b50dcca6ef5f3b09d21ba0c0e38b,1
CapCut 프로젝트,04_CapCut_프로젝트/0919/common_attachment/attachment_gen_ai_info.json,/Users/kim.kkun/Movies/CapCut/User Data/Projects/com.lveditor.draft/0919/common_attachment/attachment_gen_ai_info.json,528,781ccc6ca11393ff23b19d2ad34de112cf1dc3d79cb59ecde74a2625d910957d,1
CapCut 프로젝트,04_CapCut_프로젝트/0919/common_attachment/attachment_id_mapping.json,/Users/kim.kkun/Movies/CapCut/User Data/Projects/com.lveditor.draft/0919/common_attachment/attachment_id_mapping.json,12143,54a6df205d83d57667859cb5a09df2ac653d252a5f37e165e7c81c77e7394a7c,1
CapCut 프로젝트,04_CapCut_프로젝트/0919/common_attachment/attachment_script_video.json,/Users/kim.kkun/Movies/CapCut/User Data/Projects/com.lveditor.draft/0919/common_attachment/attachment_script_video.json,200,6364041457755ea591d4d8b9114a7c5777152dd78021929eb1543f1b42bc416f,1
CapCut 프로젝트,04_CapCut_프로젝트/0919/common_attachment/attachment_pc_timeline.json,/Users/kim.kkun/Movies/CapCut/User Data/Projects/com.lveditor.draft/0919/common_attachment/attachment_pc_timeline.json,124,8e4ceb6462bb707a2e17f9e27caf2de0f1a9fe7705021d6402cc8961046f9bcb,1
CapCut 프로젝트,04_CapCut_프로젝트/0919/owner-emotions-resources/cache/music/bfa290bd0ef51bcc6a62d8a80e40e5a0.mp3,/Users/kim.kkun/Movies/CapCut/User Data/Projects/com.lveditor.draft/0919/owner-emotions-resources/cache/music/bfa290bd0ef51bcc6a62d8a80e40e5a0.mp3,44682,1d2094515839d902bd74684a535eed1907df541b2be1ee76910218c2fb23ffdb,3
CapCut 프로젝트,04_CapCut_프로젝트/0919/owner-emotions-resources/cache/music/094d89a171a8b6394b503fcdbb196205.mp3,/Users/kim.kkun/Movies/CapCut/User Data/Projects/com.lveditor.draft/0919/owner-emotions-resources/cache/music/094d89a171a8b6394b503fcdbb196205.mp3,23278,18c4fdf01e1ff39bf732b7a8ce1b3bbe07e5a4630c11589d592842d2955401ea,3
CapCut 프로젝트,04_CapCut_프로젝트/0919/owner-emotions-resources/cache/music/33f11a55221681b3fefec3346290169e.mp3,/Users/kim.kkun/Movies/CapCut/User Data/Projects/com.lveditor.draft/0919/owner-emotions-resources/cache/music/33f11a55221681b3fefec3346290169e.mp3,15767,7ba9bfdf4fabcbf5403f83ee237181724ab5924c8862b240a096627e6167321d,3
CapCut 프로젝트,04_CapCut_프로젝트/0919/owner-emotions-resources/cache/music/5fa16f0f0a34e80caf6771e0f20bea92.beat,/Users/kim.kkun/Movies/CapCut/User Data/Projects/com.lveditor.draft/0919/owner-emotions-resources/cache/music/5fa16f0f0a34e80caf6771e0f20bea92.beat,46,f0197de53fea1a5d78974166675880e24b1aee5090d66d9e1f33eebfe1f9fd6c,2
CapCut 프로젝트,04_CapCut_프로젝트/0919/owner-emotions-resources/cache/music/b3ab839fb6a9ecb206a6e784ddfc8952.beat,/Users/kim.kkun/Movies/CapCut/User Data/Projects/com.lveditor.draft/0919/owner-emotions-resources/cache/music/b3ab839fb6a9ecb206a6e784ddfc8952.beat,45,3ced2507105483c015586aa1b15b25c77beea68f5c7adf81b6a8aeaa426b7221,2
CapCut 프로젝트,04_CapCut_프로젝트/0919/owner-emotions-resources/cache/music/1e0a94ef357f549c8b7eff9c6dbfbf89.beat,/Users/kim.kkun/Movies/CapCut/User Data/Projects/com.lveditor.draft/0919/owner-emotions-resources/cache/music/1e0a94ef357f549c8b7eff9c6dbfbf89.beat,45,a6b3b194f6563a8d3b69f728e5d7b8f4f51155623d7db13941e33b65ee22ad50,2
CapCut 프로젝트,04_CapCut_프로젝트/0919/owner-emotions-resources/cache/effect/7582977477643881781/872ed81e9005b4c1197099dfdc77a148/config.json,/Users/kim.kkun/Movies/CapCut/User Data/Projects/com.lveditor.draft/0919/owner-emotions-resources/cache/effect/7582977477643881781/872ed81e9005b4c1197099dfdc77a148/config.json,171,00d7cb28610858390a79626ba4b9a05868e57bd5965878bada6ed16f37d21c4f,2
CapCut 프로젝트,04_CapCut_프로젝트/0919/owner-emotions-resources/cache/effect/7582977477643881781/872ed81e9005b4c1197099dfdc77a148/cover_icon.png,/Users/kim.kkun/Movies/CapCut/User Data/Projects/com.lveditor.draft/0919/owner-emotions-resources/cache/effect/7582977477643881781/872ed81e9005b4c1197099dfdc77a148/cover_icon.png,28918,3b0d3ccc342221b713a76507fd744afedc8aafed2ccd563b9096376f228b5872,2
CapCut 프로젝트,04_CapCut_프로젝트/0919/owner-emotions-resources/cache/effect/7582977477643881781/872ed81e9005b4c1197099dfdc77a148/effectStyle.json,/Users/kim.kkun/Movies/CapCut/User Data/Projects/com.lveditor.draft/0919/owner-emotions-resources/cache/effect/7582977477643881781/872ed81e9005b4c1197099dfdc77a148/effectStyle.json,9291,fd8154c77e8c54663658d694d9ae6d34bf46763c1cbb2daf1422745f3303ae78,2
CapCut 프로젝트,04_CapCut_프로젝트/0919/owner-emotions-resources/cache/effect/7582977477643881781/872ed81e9005b4c1197099dfdc77a148/1765558030939.png,/Users/kim.kkun/Movies/CapCut/User Data/Projects/com.lveditor.draft/0919/owner-emotions-resources/cache/effect/7582977477643881781/872ed81e9005b4c1197099dfdc77a148/1765558030939.png,41611,6ef80e98280a993de3e1bd8ed688d995777aa2db9501d05d657c023daa81453c,2
CapCut 프로젝트,04_CapCut_프로젝트/0919/owner-emotions-resources/cache/effect/7582977477643881781/872ed81e9005b4c1197099dfdc77a148/1764831604602.png,/Users/kim.kkun/Movies/CapCut/User Data/Projects/com.lveditor.draft/0919/owner-emotions-resources/cache/effect/7582977477643881781/872ed81e9005b4c1197099dfdc77a148/1764831604602.png,49921,8b626ec199584eeca25fef362e09813ddf47765088c5637445dba4000ced239a,2
CapCut 프로젝트,04_CapCut_프로젝트/0919/owner-emotions-resources/cache/effect/7592008738001734919/55e2e4622ee55fcf8c5d152d5fe1b918/config.json,/Users/kim.kkun/Movies/CapCut/User Data/Projects/com.lveditor.draft/0919/owner-emotions-resources/cache/effect/7592008738001734919/55e2e4622ee55fcf8c5d152d5fe1b918/config.json,171,e8b2d01e47a0c13ba8a7d7b5eeb640460ab570c20b5f78ef0bec43a0e881abbf,2
CapCut 프로젝트,04_CapCut_프로젝트/0919/owner-emotions-resources/cache/effect/7592008738001734919/55e2e4622ee55fcf8c5d152d5fe1b918/cover_icon.png,/Users/kim.kkun/Movies/CapCut/User Data/Projects/com.lveditor.draft/0919/owner-emotions-resources/cache/effect/7592008738001734919/55e2e4622ee55fcf8c5d152d5fe1b918/cover_icon.png,11505,615f8c7801379293098514637132954a6ca3445a47434b79df6d463c1576cfdb,2
CapCut 프로젝트,04_CapCut_프로젝트/0919/owner-emotions-resources/cache/effect/7592008738001734919/55e2e4622ee55fcf8c5d152d5fe1b918/1767652329688.png,/Users/kim.kkun/Movies/CapCut/User Data/Projects/com.lveditor.draft/0919/owner-emotions-resources/cache/effect/7592008738001734919/55e2e4622ee55fcf8c5d152d5fe1b918/1767652329688.png,12860,7b6c195bc01c4134d8df5f1c2a0894ced7663b80a0d3c62e2d5b9498b12bdd73,2
CapCut 프로젝트,04_CapCut_프로젝트/0919/owner-emotions-resources/cache/effect/7592008738001734919/55e2e4622ee55fcf8c5d152d5fe1b918/effectStyle.json,/Users/kim.kkun/Movies/CapCut/User Data/Projects/com.lveditor.draft/0919/owner-emotions-resources/cache/effect/7592008738001734919/55e2e4622ee55fcf8c5d152d5fe1b918/effectStyle.json,2089,4a970db166296b360ab78b328083ac2f98feb3f0c3419db02a45c14791e8a768,2
CapCut 프로젝트,04_CapCut_프로젝트/0919/owner-emotions-resources/cache/effect/6808056385679397389/046f11d9049144aa80e3723b5ed93b7a/DoHyeon-Regular.ttf,/Users/kim.kkun/Movies/CapCut/User Data/Projects/com.lveditor.draft/0919/owner-emotions-resources/cache/effect/6808056385679397389/046f11d9049144aa80e3723b5ed93b7a/DoHyeon-Regular.ttf,858928,8ac6965d435d7179328d846ba1156785de4c38c530624c156ccde1b6ecd6b9b4,2
CapCut 프로젝트,04_CapCut_프로젝트/0919/owner-emotions-resources/cache/effect/7587662647647014197/2e75410d22cb5b3f9acd522f212ddc83/config.json,/Users/kim.kkun/Movies/CapCut/User Data/Projects/com.lveditor.draft/0919/owner-emotions-resources/cache/effect/7587662647647014197/2e75410d22cb5b3f9acd522f212ddc83/config.json,171,ff8e7ce876a5c35ba9e095daa516abc73a4e02087bf86f64b980bde35e934582,2
CapCut 프로젝트,04_CapCut_프로젝트/0919/owner-emotions-resources/cache/effect/7587662647647014197/2e75410d22cb5b3f9acd522f212ddc83/cover_icon.png,/Users/kim.kkun/Movies/CapCut/User Data/Projects/com.lveditor.draft/0919/owner-emotions-resources/cache/effect/7587662647647014197/2e75410d22cb5b3f9acd522f212ddc83/cover_icon.png,10581,a760409dc19a47cae346b4fea27f157e3f7243bc741673cf5360c311832be754,2
CapCut 프로젝트,04_CapCut_프로젝트/0919/owner-emotions-resources/cache/effect/7587662647647014197/2e75410d22cb5b3f9acd522f212ddc83/1764920446189.png,/Users/kim.kkun/Movies/CapCut/User Data/Projects/com.lveditor.draft/0919/owner-emotions-resources/cache/effect/7587662647647014197/2e75410d22cb5b3f9acd522f212ddc83/1764920446189.png,19327,24d1d24819c62b6014f19efb8a33f7c1f88f0112f25ce4f32255cdd3a4e3be7d,2
CapCut 프로젝트,04_CapCut_프로젝트/0919/owner-emotions-resources/cache/effect/7587662647647014197/2e75410d22cb5b3f9acd522f212ddc83/effectStyle.json,/Users/kim.kkun/Movies/CapCut/User Data/Projects/com.lveditor.draft/0919/owner-emotions-resources/cache/effect/7587662647647014197/2e75410d22cb5b3f9acd522f212ddc83/effectStyle.json,1524,3ad9eadbbe8829da50a5e0a503521c108d46c603434265eb51ccf1884ee2d2a4,2
CapCut 프로젝트,04_CapCut_프로젝트/0919/owner-emotions-resources/cache/effect/7542715028181454097/e99175037af55a39de0cdbd5fe4af695/font.ttf,/Users/kim.kkun/Movies/CapCut/User Data/Projects/com.lveditor.draft/0919/owner-emotions-resources/cache/effect/7542715028181454097/e99175037af55a39de0cdbd5fe4af695/font.ttf,3251580,3c8d18ca5e1772f2de98e53d263b330e4d6164d5fc706622b3b18a9470de2f02,2
CapCut 프로젝트,04_CapCut_프로젝트/0919/owner-emotions-resources/cache/effect/7602463191511108882/fed5c498e1e45a9d9ce87a0071a85428/config.json,/Users/kim.kkun/Movies/CapCut/User Data/Projects/com.lveditor.draft/0919/owner-emotions-resources/cache/effect/7602463191511108882/fed5c498e1e45a9d9ce87a0071a85428/config.json,177,e741da4734966e081e4ef5e92e36575ffbae25c48aee830645eb6a7bab20e116,2
CapCut 프로젝트,04_CapCut_프로젝트/0919/owner-emotions-resources/cache/effect/7602463191511108882/fed5c498e1e45a9d9ce87a0071a85428/1770086210828.png,/Users/kim.kkun/Movies/CapCut/User Data/Projects/com.lveditor.draft/0919/owner-emotions-resources/cache/effect/7602463191511108882/fed5c498e1e45a9d9ce87a0071a85428/1770086210828.png,6317,5c92782acd378f2eaf48f940e68d2af89e4255f6497710eab0192681e97310a5,2
CapCut 프로젝트,04_CapCut_프로젝트/0919/owner-emotions-resources/cache/effect/7602463191511108882/fed5c498e1e45a9d9ce87a0071a85428/cover_icon.png,/Users/kim.kkun/Movies/CapCut/User Data/Projects/com.lveditor.draft/0919/owner-emotions-resources/cache/effect/7602463191511108882/fed5c498e1e45a9d9ce87a0071a85428/cover_icon.png,7291,fdf42656e55b05bf7116219778096dd9ad161b987a8250eb5f0249568d3aab0d,2
CapCut 프로젝트,04_CapCut_프로젝트/0919/owner-emotions-resources/cache/effect/7602463191511108882/fed5c498e1e45a9d9ce87a0071a85428/effectStyle.json,/Users/kim.kkun/Movies/CapCut/User Data/Projects/com.lveditor.draft/0919/owner-emotions-resources/cache/effect/7602463191511108882/fed5c498e1e45a9d9ce87a0071a85428/effectStyle.json,2209,b9981a73d48604b6dd5504dab38ef7714a74fd1024743e64c76f129d00b76b7a,2
CapCut 프로젝트,04_CapCut_프로젝트/0919/owner-emotions-resources/cache/effect/6724919382104871427/6ecc8fa1d956c3e14c84cdc0679982a9/LuaRTTI.MarkGen.lua,/Users/kim.kkun/Movies/CapCut/User Data/Projects/com.lveditor.draft/0919/owner-emotions-resources/cache/effect/6724919382104871427/6ecc8fa1d956c3e14c84cdc0679982a9/LuaRTTI.MarkGen.lua,318,cee25003c4a20300db2b4502b2c9f42e0ab95a7837553fbaefb9e6e7b9320251,2
CapCut 프로젝트,04_CapCut_프로젝트/0919/owner-emotions-resources/cache/effect/6724919382104871427/6ecc8fa1d956c3e14c84cdc0679982a9/content.json,/Users/kim.kkun/Movies/CapCut/User Data/Projects/com.lveditor.draft/0919/owner-emotions-resources/cache/effect/6724919382104871427/6ecc8fa1d956c3e14c84cdc0679982a9/content.json,180,d477770123248886847be136ae6a40bd6402c96019ae8c10239859effef941ac,2
CapCut 프로젝트,04_CapCut_프로젝트/0919/owner-emotions-resources/cache/effect/6724919382104871427/6ecc8fa1d956c3e14c84cdc0679982a9/lua-meta.json,/Users/kim.kkun/Movies/CapCut/User Data/Projects/com.lveditor.draft/0919/owner-emotions-resources/cache/effect/6724919382104871427/6ecc8fa1d956c3e14c84cdc0679982a9/lua-meta.json,3999,05b853de94bc74b2d83e84c419090052771379c1d1e3cb74a5e8b264519dcfec,2
CapCut 프로젝트,04_CapCut_프로젝트/0919/owner-emotions-resources/cache/effect/6724919382104871427/6ecc8fa1d956c3e14c84cdc0679982a9/js-meta.json,/Users/kim.kkun/Movies/CapCut/User Data/Projects/com.lveditor.draft/0919/owner-emotions-resources/cache/effect/6724919382104871427/6ecc8fa1d956c3e14c84cdc0679982a9/js-meta.json,2,4f53cda18c2baa0c0354bb5f9a3ecbe5ed12ab4d8e11ba873c2f11161202b945,2
CapCut 프로젝트,04_CapCut_프로젝트/0919/owner-emotions-resources/cache/effect/6724919382104871427/6ecc8fa1d956c3e14c84cdc0679982a9/algorithmConfig.json,/Users/kim.kkun/Movies/CapCut/User Data/Projects/com.lveditor.draft/0919/owner-emotions-resources/cache/effect/6724919382104871427/6ecc8fa1d956c3e14c84cdc0679982a9/algorithmConfig.json,365,a8a1736b9bde295deef9c44c8b1580499150b5ed74508de38e23a16023576737,2
CapCut 프로젝트,04_CapCut_프로젝트/0919/owner-emotions-resources/cache/effect/6724919382104871427/6ecc8fa1d956c3e14c84cdc0679982a9/sticker.config,/Users/kim.kkun/Movies/CapCut/User Data/Projects/com.lveditor.draft/0919/owner-emotions-resources/cache/effect/6724919382104871427/6ecc8fa1d956c3e14c84cdc0679982a9/sticker.config,295,c7993588b4310dfa49f7f3fecdef5b22f1b24e19c67e502dc65ace089fcd934f,2
CapCut 프로젝트,04_CapCut_프로젝트/0919/owner-emotions-resources/cache/effect/6724919382104871427/6ecc8fa1d956c3e14c84cdc0679982a9/config.json,/Users/kim.kkun/Movies/CapCut/User Data/Projects/com.lveditor.draft/0919/owner-emotions-resources/cache/effect/6724919382104871427/6ecc8fa1d956c3e14c84cdc0679982a9/config.json,191,de5c2942b2e6a03f19a3071fb83e6c6c9b9ead824748f53cc7e3275742bfa81e,2
CapCut 프로젝트,04_CapCut_프로젝트/0919/owner-emotions-resources/cache/effect/6724919382104871427/6ecc8fa1d956c3e14c84cdc0679982a9/extra.json,/Users/kim.kkun/Movies/CapCut/User Data/Projects/com.lveditor.draft/0919/owner-emotions-resources/cache/effect/6724919382104871427/6ecc8fa1d956c3e14c84cdc0679982a9/extra.json,277,1158a7f1df19017eac874891bc09110acb439ff6cb006357ac41287a5dcbec92,2
CapCut 프로젝트,04_CapCut_프로젝트/0919/owner-emotions-resources/cache/effect/6724919382104871427/6ecc8fa1d956c3e14c84cdc0679982a9/main.scene,/Users/kim.kkun/Movies/CapCut/User Data/Projects/com.lveditor.draft/0919/owner-emotions-resources/cache/effect/6724919382104871427/6ecc8fa1d956c3e14c84cdc0679982a9/main.scene,3707,d5c465300865e5d1651943151ab1be9bbf5b0d83402741faf74a45bbc94a81f8,2
CapCut 프로젝트,04_CapCut_프로젝트/0919/owner-emotions-resources/cache/effect/6724919382104871427/6ecc8fa1d956c3e14c84cdc0679982a9/prefabs/anim.prefab,/Users/kim.kkun/Movies/CapCut/User Data/Projects/com.lveditor.draft/0919/owner-emotions-resources/cache/effect/6724919382104871427/6ecc8fa1d956c3e14c84cdc0679982a9/prefabs/anim.prefab,498,6cca1fca133c482c1423eedc517ba8c5f2d5f283e6a1a157f83b6b38a3e26f1f,2
CapCut 프로젝트,04_CapCut_프로젝트/0919/owner-emotions-resources/cache/effect/6724919382104871427/6ecc8fa1d956c3e14c84cdc0679982a9/rt/outputTex.rt,/Users/kim.kkun/Movies/CapCut/User Data/Projects/com.lveditor.draft/0919/owner-emotions-resources/cache/effect/6724919382104871427/6ecc8fa1d956c3e14c84cdc0679982a9/rt/outputTex.rt,567,67301e61a2c3b58c2e64fc12c6f8061f7a41a2b09de5952a21f017ff0839fc1e,2
CapCut 프로젝트,04_CapCut_프로젝트/0919/owner-emotions-resources/cache/effect/6724919382104871427/6ecc8fa1d956c3e14c84cdc0679982a9/lua/TextAnim.lua,/Users/kim.kkun/Movies/CapCut/User Data/Projects/com.lveditor.draft/0919/owner-emotions-resources/cache/effect/6724919382104871427/6ecc8fa1d956c3e14c84cdc0679982a9/lua/TextAnim.lua,14094,f00df3996ec871dc4e3db2d8cb1126db8a1b0b03718ad2fe33b24f59e56b63bf,2
CapCut 프로젝트,04_CapCut_프로젝트/0919/owner-emotions-resources/cache/effect/6724919382104871427/6ecc8fa1d956c3e14c84cdc0679982a9/lua/src/AE.lua,/Users/kim.kkun/Movies/CapCut/User Data/Projects/com.lveditor.draft/0919/owner-emotions-resources/cache/effect/6724919382104871427/6ecc8fa1d956c3e14c84cdc0679982a9/lua/src/AE.lua,1926,cfba5a81d54a0b631c2764cea011a2255b08d38a7a16266c0e29747e6798bdc6,2
CapCut 프로젝트,04_CapCut_프로젝트/0919/owner-emotions-resources/cache/effect/6724919382104871427/6ecc8fa1d956c3e14c84cdc0679982a9/lua/src/AEAdapter.lua,/Users/kim.kkun/Movies/CapCut/User Data/Projects/com.lveditor.draft/0919/owner-emotions-resources/cache/effect/6724919382104871427/6ecc8fa1d956c3e14c84cdc0679982a9/lua/src/AEAdapter.lua,3192,62fd608db96e0be1312b212c99ec707faf996c4374cec786d5d662412b031b9b,2
CapCut 프로젝트,04_CapCut_프로젝트/0919/owner-emotions-resources/cache/effect/6724919382104871427/6ecc8fa1d956c3e14c84cdc0679982a9/lua/src/Main.lua,/Users/kim.kkun/Movies/CapCut/User Data/Projects/com.lveditor.draft/0919/owner-emotions-resources/cache/effect/6724919382104871427/6ecc8fa1d956c3e14c84cdc0679982a9/lua/src/Main.lua,1707,19729b2d5b726d0a1347cd48a52e9d3f12dc5ebcc59fafeb025837fd6457f102,2
CapCut 프로젝트,04_CapCut_프로젝트/0919/owner-emotions-resources/cache/effect/6724919382104871427/6ecc8fa1d956c3e14c84cdc0679982a9/lua/src/TextEntry.lua,/Users/kim.kkun/Movies/CapCut/User Data/Projects/com.lveditor.draft/0919/owner-emotions-resources/cache/effect/6724919382104871427/6ecc8fa1d956c3e14c84cdc0679982a9/lua/src/TextEntry.lua,6632,3c866263bd3b049c720deecfd755adb51b71fa74158826d8df3d697294416531,2
CapCut 프로젝트,04_CapCut_프로젝트/0919/owner-emotions-resources/cache/effect/6724919382104871427/6ecc8fa1d956c3e14c84cdc0679982a9/lua/src/Utils.lua,/Users/kim.kkun/Movies/CapCut/User Data/Projects/com.lveditor.draft/0919/owner-emotions-resources/cache/effect/6724919382104871427/6ecc8fa1d956c3e14c84cdc0679982a9/lua/src/Utils.lua,5478,e3b5a7984e5a00a36215022c7505f373b3725b305a4806a7971d7f067dff6f0c,2
CapCut 프로젝트,04_CapCut_프로젝트/0919/owner-emotions-resources/cache/effect/6724919382104871427/6ecc8fa1d956c3e14c84cdc0679982a9/lua/src/AETools.lua,/Users/kim.kkun/Movies/CapCut/User Data/Projects/com.lveditor.draft/0919/owner-emotions-resources/cache/effect/6724919382104871427/6ecc8fa1d956c3e14c84cdc0679982a9/lua/src/AETools.lua,3129,f6937b5340c33f348ac9212174125694ac55545e256ecdc04245e53fe9248be4,2
CapCut 프로젝트,04_CapCut_프로젝트/0919/owner-emotions-resources/cache/effect/7564674095921515777/d46a86be6aaad0a85c65833f067d6068/local_FE175CB1-1914-4FAC-BC18-5E002AE87FF5.png,/Users/kim.kkun/Movies/CapCut/User Data/Projects/com.lveditor.draft/0919/owner-emotions-resources/cache/effect/7564674095921515777/d46a86be6aaad0a85c65833f067d6068/local_FE175CB1-1914-4FAC-BC18-5E002AE87FF5.png,533227,19046a4f69b21c2ca6bc0857a9454d4fc4d9b8cc4aa60ccdb8b70847fc2d8414,2
CapCut 프로젝트,04_CapCut_프로젝트/0919/owner-emotions-resources/cache/effect/7564674095921515777/d46a86be6aaad0a85c65833f067d6068/config.json,/Users/kim.kkun/Movies/CapCut/User Data/Projects/com.lveditor.draft/0919/owner-emotions-resources/cache/effect/7564674095921515777/d46a86be6aaad0a85c65833f067d6068/config.json,171,1931480e3011df6f93cacc940a84c052200adfd90c4416cd3590ff0f964fc2fa,2
CapCut 프로젝트,04_CapCut_프로젝트/0919/owner-emotions-resources/cache/effect/7564674095921515777/d46a86be6aaad0a85c65833f067d6068/effectStyle.json,/Users/kim.kkun/Movies/CapCut/User Data/Projects/com.lveditor.draft/0919/owner-emotions-resources/cache/effect/7564674095921515777/d46a86be6aaad0a85c65833f067d6068/effectStyle.json,1497,b39e483e5a453b1ef466098e69634a7739a8c233548ab7beb4c3dc57d5317269,2
CapCut 프로젝트,04_CapCut_프로젝트/0919/owner-emotions-resources/cache/artistEffect/7467524331845815605/2b3a48ef9d74e22ce862d2a5eebb10e9/config.json,/Users/kim.kkun/Movies/CapCut/User Data/Projects/com.lveditor.draft/0919/owner-emotions-resources/cache/artistEffect/7467524331845815605/2b3a48ef9d74e22ce862d2a5eebb10e9/config.json,139,d30571859bef439591829a6664f234619e18f09344562f752c50065bc65a6ad9,26
CapCut 프로젝트,04_CapCut_프로젝트/0919/owner-emotions-resources/cache/artistEffect/7467524331845815605/2b3a48ef9d74e22ce862d2a5eebb10e9/final.gif,/Users/kim.kkun/Movies/CapCut/User Data/Projects/com.lveditor.draft/0919/owner-emotions-resources/cache/artistEffect/7467524331845815605/2b3a48ef9d74e22ce862d2a5eebb10e9/final.gif,37072,bb612c8e78afdf2d3c5488ef419a01f5bdf7ee020e0e08c61378ab5ed6b05a19,2
CapCut 프로젝트,04_CapCut_프로젝트/0919/owner-emotions-resources/cache/artistEffect/7467524331845815605/2b3a48ef9d74e22ce862d2a5eebb10e9/heycanInfo.json,/Users/kim.kkun/Movies/CapCut/User Data/Projects/com.lveditor.draft/0919/owner-emotions-resources/cache/artistEffect/7467524331845815605/2b3a48ef9d74e22ce862d2a5eebb10e9/heycanInfo.json,110,c8a634165b49fac13eda9941fd4e6c0f0962e375fa581884664a02913a1cd2c4,4
CapCut 프로젝트,04_CapCut_프로젝트/0919/owner-emotions-resources/cache/artistEffect/7484214195228101949/616180f6f9cd300856839cf254792f33/config.json,/Users/kim.kkun/Movies/CapCut/User Data/Projects/com.lveditor.draft/0919/owner-emotions-resources/cache/artistEffect/7484214195228101949/616180f6f9cd300856839cf254792f33/config.json,139,d30571859bef439591829a6664f234619e18f09344562f752c50065bc65a6ad9,26
CapCut 프로젝트,04_CapCut_프로젝트/0919/owner-emotions-resources/cache/artistEffect/7484214195228101949/616180f6f9cd300856839cf254792f33/final.gif,/Users/kim.kkun/Movies/CapCut/User Data/Projects/com.lveditor.draft/0919/owner-emotions-resources/cache/artistEffect/7484214195228101949/616180f6f9cd300856839cf254792f33/final.gif,44106,44b468a932862898c1633feccec405da85b15e0df7e9650c2a0f331d5b4dea3c,2
CapCut 프로젝트,04_CapCut_프로젝트/0919/owner-emotions-resources/cache/artistEffect/7484214195228101949/616180f6f9cd300856839cf254792f33/heycanInfo.json,/Users/kim.kkun/Movies/CapCut/User Data/Projects/com.lveditor.draft/0919/owner-emotions-resources/cache/artistEffect/7484214195228101949/616180f6f9cd300856839cf254792f33/heycanInfo.json,110,c8a634165b49fac13eda9941fd4e6c0f0962e375fa581884664a02913a1cd2c4,4
CapCut 프로젝트,04_CapCut_프로젝트/0919/owner-emotions-resources/cache/artistEffect/7566683537319988533/df377043031b2c6c77ef865ebc16904f/config.json,/Users/kim.kkun/Movies/CapCut/User Data/Projects/com.lveditor.draft/0919/owner-emotions-resources/cache/artistEffect/7566683537319988533/df377043031b2c6c77ef865ebc16904f/config.json,139,d30571859bef439591829a6664f234619e18f09344562f752c50065bc65a6ad9,26
CapCut 프로젝트,04_CapCut_프로젝트/0919/owner-emotions-resources/cache/artistEffect/7566683537319988533/df377043031b2c6c77ef865ebc16904f/final.gif,/Users/kim.kkun/Movies/CapCut/User Data/Projects/com.lveditor.draft/0919/owner-emotions-resources/cache/artistEffect/7566683537319988533/df377043031b2c6c77ef865ebc16904f/final.gif,717231,6be3647d32637e00680dc7ca174518338bf348938342125031bd50bd32adc896,2
CapCut 프로젝트,04_CapCut_프로젝트/0919/owner-emotions-resources/cache/artistEffect/7566683537319988533/df377043031b2c6c77ef865ebc16904f/heycanInfo.json,/Users/kim.kkun/Movies/CapCut/User Data/Projects/com.lveditor.draft/0919/owner-emotions-resources/cache/artistEffect/7566683537319988533/df377043031b2c6c77ef865ebc16904f/heycanInfo.json,112,b2f5ac88439334882a85f9fcad4901ea59d1d074e9a5d0b92276281d544d4fc6,6
CapCut 프로젝트,04_CapCut_프로젝트/0919/owner-emotions-resources/cache/artistEffect/7498829900070014261/07e3b4ce43a34b327604984e70c82a13/config.json,/Users/kim.kkun/Movies/CapCut/User Data/Projects/com.lveditor.draft/0919/owner-emotions-resources/cache/artistEffect/7498829900070014261/07e3b4ce43a34b327604984e70c82a13/config.json,139,d30571859bef439591829a6664f234619e18f09344562f752c50065bc65a6ad9,26
CapCut 프로젝트,04_CapCut_프로젝트/0919/owner-emotions-resources/cache/artistEffect/7498829900070014261/07e3b4ce43a34b327604984e70c82a13/final.gif,/Users/kim.kkun/Movies/CapCut/User Data/Projects/com.lveditor.draft/0919/owner-emotions-resources/cache/artistEffect/7498829900070014261/07e3b4ce43a34b327604984e70c82a13/final.gif,105762,dba72495225403fd7127657629c4930ff98b0c88dd51bd6115f4f2e060c6c5a7,2
CapCut 프로젝트,04_CapCut_프로젝트/0919/owner-emotions-resources/cache/artistEffect/7498829900070014261/07e3b4ce43a34b327604984e70c82a13/heycanInfo.json,/Users/kim.kkun/Movies/CapCut/User Data/Projects/com.lveditor.draft/0919/owner-emotions-resources/cache/artistEffect/7498829900070014261/07e3b4ce43a34b327604984e70c82a13/heycanInfo.json,111,8c62cc8137201f73ffd38c4fe0d8e516541c905a0ed2daa6e0227a46f1c8e66b,2
CapCut 프로젝트,04_CapCut_프로젝트/0919/owner-emotions-resources/cache/artistEffect/7109128676712795419/9b3ca51484478a37ac227b8d5000f80c/config.json,/Users/kim.kkun/Movies/CapCut/User Data/Projects/com.lveditor.draft/0919/owner-emotions-resources/cache/artistEffect/7109128676712795419/9b3ca51484478a37ac227b8d5000f80c/config.json,139,d30571859bef439591829a6664f234619e18f09344562f752c50065bc65a6ad9,26
CapCut 프로젝트,04_CapCut_프로젝트/0919/owner-emotions-resources/cache/artistEffect/7109128676712795419/9b3ca51484478a37ac227b8d5000f80c/final.gif,/Users/kim.kkun/Movies/CapCut/User Data/Projects/com.lveditor.draft/0919/owner-emotions-resources/cache/artistEffect/7109128676712795419/9b3ca51484478a37ac227b8d5000f80c/final.gif,17677,33aee06932644c487cfea4d8303bcb88495f753886f7af55a875abd32b3e32ac,2
CapCut 프로젝트,04_CapCut_프로젝트/0919/owner-emotions-resources/cache/artistEffect/7109128676712795419/9b3ca51484478a37ac227b8d5000f80c/heycanInfo.json,/Users/kim.kkun/Movies/CapCut/User Data/Projects/com.lveditor.draft/0919/owner-emotions-resources/cache/artistEffect/7109128676712795419/9b3ca51484478a37ac227b8d5000f80c/heycanInfo.json,110,53f7ab1b45d644ec96db82b77b4ea439c89e70a76cb803ec79984da4d8ed0397,2
CapCut 프로젝트,04_CapCut_프로젝트/0919/owner-emotions-resources/cache/artistEffect/7553619507328142645/c7399185425d1dd02719c0bda3641787/config.json,/Users/kim.kkun/Movies/CapCut/User Data/Projects/com.lveditor.draft/0919/owner-emotions-resources/cache/artistEffect/7553619507328142645/c7399185425d1dd02719c0bda3641787/config.json,139,d30571859bef439591829a6664f234619e18f09344562f752c50065bc65a6ad9,26
CapCut 프로젝트,04_CapCut_프로젝트/0919/owner-emotions-resources/cache/artistEffect/7553619507328142645/c7399185425d1dd02719c0bda3641787/final.gif,/Users/kim.kkun/Movies/CapCut/User Data/Projects/com.lveditor.draft/0919/owner-emotions-resources/cache/artistEffect/7553619507328142645/c7399185425d1dd02719c0bda3641787/final.gif,26777,0c5cf948f1eea9bb01820a683b1276968c03674b43bb63f3df088b3188c20447,2
CapCut 프로젝트,04_CapCut_프로젝트/0919/owner-emotions-resources/cache/artistEffect/7553619507328142645/c7399185425d1dd02719c0bda3641787/heycanInfo.json,/Users/kim.kkun/Movies/CapCut/User Data/Projects/com.lveditor.draft/0919/owner-emotions-resources/cache/artistEffect/7553619507328142645/c7399185425d1dd02719c0bda3641787/heycanInfo.json,110,c111fbb1e3030a0659ee69672f5a376cba6a7782cbbdebaf39a340f24c7c31e2,2
CapCut 프로젝트,04_CapCut_프로젝트/0919/owner-emotions-resources/cache/artistEffect/7534626785766526269/64bc46568043b523f78c1f06ca0408e9/config.json,/Users/kim.kkun/Movies/CapCut/User Data/Projects/com.lveditor.draft/0919/owner-emotions-resources/cache/artistEffect/7534626785766526269/64bc46568043b523f78c1f06ca0408e9/config.json,139,d30571859bef439591829a6664f234619e18f09344562f752c50065bc65a6ad9,26
CapCut 프로젝트,04_CapCut_프로젝트/0919/owner-emotions-resources/cache/artistEffect/7534626785766526269/64bc46568043b523f78c1f06ca0408e9/final.gif,/Users/kim.kkun/Movies/CapCut/User Data/Projects/com.lveditor.draft/0919/owner-emotions-resources/cache/artistEffect/7534626785766526269/64bc46568043b523f78c1f06ca0408e9/final.gif,1728464,00c5adf48b113395da0029a10d7647721544488da0e2f63712af8fafbd6035ab,2
CapCut 프로젝트,04_CapCut_프로젝트/0919/owner-emotions-resources/cache/artistEffect/7534626785766526269/64bc46568043b523f78c1f06ca0408e9/heycanInfo.json,/Users/kim.kkun/Movies/CapCut/User Data/Projects/com.lveditor.draft/0919/owner-emotions-resources/cache/artistEffect/7534626785766526269/64bc46568043b523f78c1f06ca0408e9/heycanInfo.json,112,b2f5ac88439334882a85f9fcad4901ea59d1d074e9a5d0b92276281d544d4fc6,6
CapCut 프로젝트,04_CapCut_프로젝트/0919/owner-emotions-resources/cache/artistEffect/7588342032289074485/7eebb345b65c7981ee83886cb67c8ef3/config.json,/Users/kim.kkun/Movies/CapCut/User Data/Projects/com.lveditor.draft/0919/owner-emotions-resources/cache/artistEffect/7588342032289074485/7eebb345b65c7981ee83886cb67c8ef3/config.json,139,d30571859bef439591829a6664f234619e18f09344562f752c50065bc65a6ad9,26
CapCut 프로젝트,04_CapCut_프로젝트/0919/owner-emotions-resources/cache/artistEffect/7588342032289074485/7eebb345b65c7981ee83886cb67c8ef3/final.gif,/Users/kim.kkun/Movies/CapCut/User Data/Projects/com.lveditor.draft/0919/owner-emotions-resources/cache/artistEffect/7588342032289074485/7eebb345b65c7981ee83886cb67c8ef3/final.gif,2088355,99383acaec801b42e6f7ee3b28fce55c9cf021ae6e44f0cb1dc501682645e020,2
CapCut 프로젝트,04_CapCut_프로젝트/0919/owner-emotions-resources/cache/artistEffect/7588342032289074485/7eebb345b65c7981ee83886cb67c8ef3/heycanInfo.json,/Users/kim.kkun/Movies/CapCut/User Data/Projects/com.lveditor.draft/0919/owner-emotions-resources/cache/artistEffect/7588342032289074485/7eebb345b65c7981ee83886cb67c8ef3/heycanInfo.json,112,8285d54bd8a14487ab1fb9533c27cb52373da815e06cae350d0e0aac41b39011,2
CapCut 프로젝트,04_CapCut_프로젝트/0919/owner-emotions-resources/cache/artistEffect/7534626669542264117/782c511a7d694df5083d2cd7ba544b20/config.json,/Users/kim.kkun/Movies/CapCut/User Data/Projects/com.lveditor.draft/0919/owner-emotions-resources/cache/artistEffect/7534626669542264117/782c511a7d694df5083d2cd7ba544b20/config.json,139,d30571859bef439591829a6664f234619e18f09344562f752c50065bc65a6ad9,26
CapCut 프로젝트,04_CapCut_프로젝트/0919/owner-emotions-resources/cache/artistEffect/7534626669542264117/782c511a7d694df5083d2cd7ba544b20/final.gif,/Users/kim.kkun/Movies/CapCut/User Data/Projects/com.lveditor.draft/0919/owner-emotions-resources/cache/artistEffect/7534626669542264117/782c511a7d694df5083d2cd7ba544b20/final.gif,1482370,3c22c17f0fa1fe386d64d839f0bc25263f4a8dac77d567f7ba5db7e684b6495c,2
CapCut 프로젝트,04_CapCut_프로젝트/0919/owner-emotions-resources/cache/artistEffect/7534626669542264117/782c511a7d694df5083d2cd7ba544b20/heycanInfo.json,/Users/kim.kkun/Movies/CapCut/User Data/Projects/com.lveditor.draft/0919/owner-emotions-resources/cache/artistEffect/7534626669542264117/782c511a7d694df5083d2cd7ba544b20/heycanInfo.json,112,b2f5ac88439334882a85f9fcad4901ea59d1d074e9a5d0b92276281d544d4fc6,6
CapCut 프로젝트,04_CapCut_프로젝트/0919/owner-emotions-resources/cache/artistEffect/7552875526218730805/b915a45d566b74442a332b2a83e7e47e/config.json,/Users/kim.kkun/Movies/CapCut/User Data/Projects/com.lveditor.draft/0919/owner-emotions-resources/cache/artistEffect/7552875526218730805/b915a45d566b74442a332b2a83e7e47e/config.json,139,d30571859bef439591829a6664f234619e18f09344562f752c50065bc65a6ad9,26
CapCut 프로젝트,04_CapCut_프로젝트/0919/owner-emotions-resources/cache/artistEffect/7552875526218730805/b915a45d566b74442a332b2a83e7e47e/final.gif,/Users/kim.kkun/Movies/CapCut/User Data/Projects/com.lveditor.draft/0919/owner-emotions-resources/cache/artistEffect/7552875526218730805/b915a45d566b74442a332b2a83e7e47e/final.gif,1038237,0bf3f7840c8dd4b25ce7d204ecd3eb67189dca179e3cf2566404ae103a0c07bd,2
CapCut 프로젝트,04_CapCut_프로젝트/0919/owner-emotions-resources/cache/artistEffect/7552875526218730805/b915a45d566b74442a332b2a83e7e47e/heycanInfo.json,/Users/kim.kkun/Movies/CapCut/User Data/Projects/com.lveditor.draft/0919/owner-emotions-resources/cache/artistEffect/7552875526218730805/b915a45d566b74442a332b2a83e7e47e/heycanInfo.json,111,9a21c02f3e03d472f0886929dcc811f993b2c82dbaafdec4d4b37840a7498b96,2
CapCut 프로젝트,04_CapCut_프로젝트/0919/owner-emotions-resources/cache/artistEffect/7576514142979247413/b2c5283d0bc6d2d6eb839edec1f3a7bc/config.json,/Users/kim.kkun/Movies/CapCut/User Data/Projects/com.lveditor.draft/0919/owner-emotions-resources/cache/artistEffect/7576514142979247413/b2c5283d0bc6d2d6eb839edec1f3a7bc/config.json,139,d30571859bef439591829a6664f234619e18f09344562f752c50065bc65a6ad9,26
CapCut 프로젝트,04_CapCut_프로젝트/0919/owner-emotions-resources/cache/artistEffect/7576514142979247413/b2c5283d0bc6d2d6eb839edec1f3a7bc/final.gif,/Users/kim.kkun/Movies/CapCut/User Data/Projects/com.lveditor.draft/0919/owner-emotions-resources/cache/artistEffect/7576514142979247413/b2c5283d0bc6d2d6eb839edec1f3a7bc/final.gif,378926,6bacae0cb5352346868952c1678270bc1402cfe9811a21b3bbde5c06f85d5f99,2
CapCut 프로젝트,04_CapCut_프로젝트/0919/owner-emotions-resources/cache/artistEffect/7576514142979247413/b2c5283d0bc6d2d6eb839edec1f3a7bc/heycanInfo.json,/Users/kim.kkun/Movies/CapCut/User Data/Projects/com.lveditor.draft/0919/owner-emotions-resources/cache/artistEffect/7576514142979247413/b2c5283d0bc6d2d6eb839edec1f3a7bc/heycanInfo.json,111,1792206583222ff3bb522f68e4db495ccf067e0c8fe46750d177f66aa8c0f6e1,2
CapCut 프로젝트,04_CapCut_프로젝트/0919/owner-emotions-resources/cache/artistEffect/7547828597868825909/48b657da2ed3a7fdaec3f97702378cac/config.json,/Users/kim.kkun/Movies/CapCut/User Data/Projects/com.lveditor.draft/0919/owner-emotions-resources/cache/artistEffect/7547828597868825909/48b657da2ed3a7fdaec3f97702378cac/config.json,139,d30571859bef439591829a6664f234619e18f09344562f752c50065bc65a6ad9,26
CapCut 프로젝트,04_CapCut_프로젝트/0919/owner-emotions-resources/cache/artistEffect/7547828597868825909/48b657da2ed3a7fdaec3f97702378cac/final.gif,/Users/kim.kkun/Movies/CapCut/User Data/Projects/com.lveditor.draft/0919/owner-emotions-resources/cache/artistEffect/7547828597868825909/48b657da2ed3a7fdaec3f97702378cac/final.gif,29625,fcba79b68772e6bc0154d1bdf2154f9ee8fcf5723bbd506fe520d43190f1afaa,2
CapCut 프로젝트,04_CapCut_프로젝트/0919/owner-emotions-resources/cache/artistEffect/7547828597868825909/48b657da2ed3a7fdaec3f97702378cac/heycanInfo.json,/Users/kim.kkun/Movies/CapCut/User Data/Projects/com.lveditor.draft/0919/owner-emotions-resources/cache/artistEffect/7547828597868825909/48b657da2ed3a7fdaec3f97702378cac/heycanInfo.json,111,4f357ac8723d48b8ef0194166de33bc2f51096d33c7cf1c5bca87e59f085b7e8,2
CapCut 프로젝트,04_CapCut_프로젝트/0919/owner-emotions-resources/cache/artistEffect/7631905966182763793/15d9154e80b2438711703da69c96e078/config.json,/Users/kim.kkun/Movies/CapCut/User Data/Projects/com.lveditor.draft/0919/owner-emotions-resources/cache/artistEffect/7631905966182763793/15d9154e80b2438711703da69c96e078/config.json,139,d30571859bef439591829a6664f234619e18f09344562f752c50065bc65a6ad9,26
CapCut 프로젝트,04_CapCut_프로젝트/0919/owner-emotions-resources/cache/artistEffect/7631905966182763793/15d9154e80b2438711703da69c96e078/final.gif,/Users/kim.kkun/Movies/CapCut/User Data/Projects/com.lveditor.draft/0919/owner-emotions-resources/cache/artistEffect/7631905966182763793/15d9154e80b2438711703da69c96e078/final.gif,907216,ecdaea86b5eddf196c87363e6279ade1dd43d1588e56373f8e188d2fb25fc857,2
CapCut 프로젝트,04_CapCut_프로젝트/0919/owner-emotions-resources/cache/artistEffect/7631905966182763793/15d9154e80b2438711703da69c96e078/heycanInfo.json,/Users/kim.kkun/Movies/CapCut/User Data/Projects/com.lveditor.draft/0919/owner-emotions-resources/cache/artistEffect/7631905966182763793/15d9154e80b2438711703da69c96e078/heycanInfo.json,111,d5db0411ecd055ac27bb0dbf600a83a82c4709fdea52750497e10cd7bcd0613d,2
CapCut 프로젝트,04_CapCut_프로젝트/0919/owner-emotions-media/ScreenRecording_09-19-2026 12-14-42_1.MP4,/Users/kim.kkun/Movies/CapCut/User Data/Projects/com.lveditor.draft/0919/owner-emotions-media/ScreenRecording_09-19-2026 12-14-42_1.MP4,46817471,4b8b0766d56ddfe950f0253c7012637517723296e504fbd05c13342f5cd99fe3,2
CapCut 프로젝트,04_CapCut_프로젝트/0919/owner-emotions-media/v001-bgm.wav,/Users/kim.kkun/Movies/CapCut/User Data/Projects/com.lveditor.draft/0919/owner-emotions-media/v001-bgm.wav,9796124,9bf48228d5b0ed062258fdc5519074085b0dda0e9176677207aac791c806816d,2
CapCut 프로젝트,04_CapCut_프로젝트/0919/owner-emotions-media/bfa290bd0ef51bcc6a62d8a80e40e5a0.mp3,/Users/kim.kkun/Movies/CapCut/User Data/Projects/com.lveditor.draft/0919/owner-emotions-media/bfa290bd0ef51bcc6a62d8a80e40e5a0.mp3,44682,1d2094515839d902bd74684a535eed1907df541b2be1ee76910218c2fb23ffdb,3
CapCut 프로젝트,04_CapCut_프로젝트/0919/owner-emotions-media/094d89a171a8b6394b503fcdbb196205.mp3,/Users/kim.kkun/Movies/CapCut/User Data/Projects/com.lveditor.draft/0919/owner-emotions-media/094d89a171a8b6394b503fcdbb196205.mp3,23278,18c4fdf01e1ff39bf732b7a8ce1b3bbe07e5a4630c11589d592842d2955401ea,3
CapCut 프로젝트,04_CapCut_프로젝트/0919/owner-emotions-media/33f11a55221681b3fefec3346290169e.mp3,/Users/kim.kkun/Movies/CapCut/User Data/Projects/com.lveditor.draft/0919/owner-emotions-media/33f11a55221681b3fefec3346290169e.mp3,15767,7ba9bfdf4fabcbf5403f83ee237181724ab5924c8862b240a096627e6167321d,3
CapCut 프로젝트,04_CapCut_프로젝트/0919/owner-emotions-media/_talkv_dJMcbtDblli_wEmEsqdvq05akIWk4b16nK_talkv_high 2.MP4,/Users/kim.kkun/Movies/CapCut/User Data/Projects/com.lveditor.draft/0919/owner-emotions-media/_talkv_dJMcbtDblli_wEmEsqdvq05akIWk4b16nK_talkv_high 2.MP4,7429305,207f1a0337f71277ba76fffb907bfbfc9b572f64ab582df734a61a17b52cf9e4,2
CapCut 프로젝트,04_CapCut_프로젝트/0919/owner-emotions-media/copy_1903E635-6CBB-458F-92B5-1BCF30A122D9 2.MOV,/Users/kim.kkun/Movies/CapCut/User Data/Projects/com.lveditor.draft/0919/owner-emotions-media/copy_1903E635-6CBB-458F-92B5-1BCF30A122D9 2.MOV,293827340,ed0677b88f9e8c2282a062113a4ab0b81c9d2bfb7e467811f2fc0d27ab8b6f1a,2
임시 화면·진단,05_화면진단/owner-drag.png,/private/tmp/owner-drag.png,700949,971e5892ea12f5dd6e5ab301246ad09e01d44b581d02b69ddfc1525f76eac3de,1
임시 화면·진단,05_화면진단/owner-fullscreen.png,/private/tmp/owner-fullscreen.png,3969042,8a910ff8100ebcb70ec69a69951dc6d7d7d7904d66da0ab53c7edaa6e5dd2037,1
임시 화면·진단,05_화면진단/owner-missing.png,/private/tmp/owner-missing.png,252958,828b419339d00232027ea954c5ba318304d8f1edd33486d77f3f86eba1e4db0b,1
임시 화면·진단,05_화면진단/owner-current.png,/private/tmp/owner-current.png,3986278,0133fdde606278525d1c363b75a5452558fbfd891a432ee7ac8eb9096d768970,1
임시 화면·진단,05_화면진단/owner-v002-settings.png,/private/tmp/owner-v002-settings.png,1322174,84e654caa0d970868bc3e71939a17f82d946c8b2bbc2a194186a73685f422b86,1
임시 화면·진단,05_화면진단/owner-screen.png,/private/tmp/owner-screen.png,1146334,8ebd6f12d206845ce7702b357aac1515251bf04cf5307183a9542431efa87453,1
임시 화면·진단,05_화면진단/owner-export-settings.png,/private/tmp/owner-export-settings.png,1289257,727436a2e41869dbe37d33a3f5d72949ff61d34c8ba22aa17cdb7ecd70586ba9,1
임시 화면·진단,05_화면진단/owner-imported.png,/private/tmp/owner-imported.png,702052,e0dbdcda0107493a68bf54aa33530eb006e510e8f2321d3433a71104643e0c19,1
임시 화면·진단,05_화면진단/owner-favorites.png,/private/tmp/owner-favorites.png,1502144,84c1a9f900d03de7b9c988307ad7e4b5c215b36ad590df805be7812836aa21ad,1
임시 화면·진단,05_화면진단/owner-stickers.png,/private/tmp/owner-stickers.png,1465107,be13aa1c23116e8da46939aed07954bd809542ab092cd05e87cb8df8a5b0aee8,1
임시 화면·진단,05_화면진단/owner-capcut.png,/private/tmp/owner-capcut.png,546265,d50f908ce47599025f2a9f800f076f7f8a02a6de8f60e1e3199c95ee2e2a0dea,1
임시 화면·진단,05_화면진단/owner-ui.swift,/private/tmp/owner-ui.swift,419,c6689c2a04b055a74a371593285aadb7798f442d9cc31cf8ce97df9d0811821c,1
임시 화면·진단,05_화면진단/owner-export.png,/private/tmp/owner-export.png,1283073,cd026c5a76b363ce07ff29cf2b67bc4c376e297f2fa64c92b1df34c0678df1d9,1
임시 화면·진단,05_화면진단/owner-screen2.png,/private/tmp/owner-screen2.png,1081133,297887a85ce41e0d4016cfd3d0dafe7316bb89df2c1cb16d05666763f5b473a0,1
임시 화면·진단,05_화면진단/owner-edited.png,/private/tmp/owner-edited.png,1603382,1b1d55865e2dc61185f1dc37618732a4b06b122a351aa1edf84561fabe0a5514,1
임시 화면·진단,05_화면진단/owner-postexport.png,/private/tmp/owner-postexport.png,1887420,e961a5b711d993204bf398caaea971e8cf76cedd58ccc7ae19e5fdcfadd1144b,1
CapCut 출력 원위치,07_중복출력_자동보관/Movies_CapCut_원출력/2026-09-19_owner-emotions_v001.mov,/Users/kim.kkun/Movies/CapCut/2026-09-19_owner-emotions_v001.mov,201446319,c0af2ef3f2526aeb9cae54d0c7fe9f261a2ba0012082ad5bb5e11f68d381fc50,3
CapCut 출력 원위치,07_중복출력_자동보관/Movies_CapCut_원출력/09192026-09-19_owne-emotions_v002.mov,/Users/kim.kkun/Movies/CapCut/09192026-09-19_owne-emotions_v002.mov,201433405,85c2a7b1f61cf450254a3934060aa5ad6e8007cb21c19548071c9dde8021f3c5,3
콘텐츠 기록 신규,06_문서/2026-09-19_owner-emotions_video-comparison.md,/Users/kim.kkun/Projects/Kim.kkun_contents/drafts/2026-09-19_owner-emotions_video-comparison.md,2972,00a370bd947d3178923d9dd7caa2542195c8ec52bc06e9d6eb0bede5e9c32c49,1
자동 보관 사본,07_중복출력_자동보관/00_자동보관_분류대기/09192026-09-19_owne-emotions_v002__20260919-124958__85c2a7b1f61c/manifest.json,/Users/kim.kkun/Projects/김꾼_영상보관/00_자동보관_분류대기/09192026-09-19_owne-emotions_v002__20260919-124958__85c2a7b1f61c/manifest.json,570,c6681cbfd2ddbdfe4cebdf07082782a286cce8c4c0a703bd1c589a8ffcdd75da,1
자동 보관 사본,07_중복출력_자동보관/00_자동보관_분류대기/09192026-09-19_owne-emotions_v002__20260919-124958__85c2a7b1f61c/09192026-09-19_owne-emotions_v002.mov,/Users/kim.kkun/Projects/김꾼_영상보관/00_자동보관_분류대기/09192026-09-19_owne-emotions_v002__20260919-124958__85c2a7b1f61c/09192026-09-19_owne-emotions_v002.mov,201433405,85c2a7b1f61cf450254a3934060aa5ad6e8007cb21c19548071c9dde8021f3c5,3
